Residue1,Residue2,Weight,Contacts,AvgDist
A:481,A:496,352.7613065869429,62,5.689698493337789
A:327,A:329,139.35880542033777,27,5.161437237790288
A:325,A:351,337.2074254407395,65,5.187806545242146
A:356,A:359,382.9180329826302,69,5.549536709893192
A:471,A:473,173.2998825388918,31,5.590318791577155
A:312,A:359,331.84995939487595,57,5.821929112190806
A:483,A:488,48.3049293497572,8,6.03811616871965
A:515,A:516,231.46183322545588,47,4.924719855860763
A:426,A:430,290.6892162205288,56,5.190878861080871
A:366,A:453,51.35754534258745,8,6.419693167823431
A:450,A:451,207.03994612016865,44,4.705453320912924
A:304,A:476,138.89582928242214,25,5.555833171296886
A:305,A:306,254.33588178346758,52,4.891074649682069
A:325,A:347,134.17880448473952,21,6.389466880225691
A:409,A:411,237.73483850126567,42,5.660353297649182
A:498,A:502,227.54496955047443,43,5.29174347791801
A:382,A:514,340.29148240060215,63,5.40145210159686
A:345,A:346,166.9942892130125,37,4.513359167919257
A:357,A:361,223.7739750841245,39,5.737794232926269
A:471,A:475,294.92643170658135,57,5.174147924676866
A:382,A:535,451.1246760692147,88,5.126416773513803
A:480,A:482,140.49311538314956,26,5.403581360890367
A:386,A:387,256.9577354753486,52,4.941494912987474
A:496,A:497,179.32561849930897,39,4.5980927820335635
A:508,A:512,175.22710705793463,34,5.153738442880431
A:405,A:409,324.2902677661781,63,5.147464567717113
A:516,A:518,157.025719306496,29,5.414679976086069
A:312,A:313,288.6742746583921,63,4.582131343784002
A:403,A:412,178.75186355573098,30,5.958395451857699
A:342,A:345,293.134542082212,52,5.637202732350231
A:366,A:374,412.06238896251756,81,5.087189987191575
A:438,A:442,92.36606610413719,17,5.4332980061257174
A:344,A:347,237.2346948959161,45,5.271882108798136
A:498,A:499,209.92043669692842,44,4.770919015839282
A:517,A:519,177.3077602602663,32,5.540867508133322
A:370,A:374,183.00247475058043,35,5.22864213573087
A:405,A:410,165.79040723983604,27,6.140385453327261
A:413,A:416,353.6641178906655,60,5.894401964844425
A:521,A:524,139.61353591372844,25,5.584541436549138
A:528,A:530,305.14767879523015,51,5.983287819514317
A:320,A:321,141.5519422929573,32,4.423498196654916
A:388,A:506,177.42800741794255,31,5.723484110256211
A:350,A:353,255.31090647429653,47,5.4321469462616285
A:365,A:368,304.0521257866288,58,5.242278030803944
A:481,A:484,324.20737885430975,58,5.5897823940398235
A:387,A:389,178.05686489658078,32,5.564277028018149
A:443,A:499,192.23717281811264,33,5.82536887327614
A:505,A:506,259.7719967154003,52,4.995615321450005
A:369,A:374,307.4119470161185,57,5.39319205291436
A:342,A:516,217.16843343717727,37,5.86941711992371
A:313,A:315,199.22525664176908,34,5.8595663718167375
A:433,A:435,174.00730517002887,32,5.437728286563402
A:353,A:382,266.9322636364528,47,5.679409864605378
A:452,A:455,185.554167775943,35,5.301547650741228
A:302,A:306,187.47348369060614,34,5.513925990900181
A:421,A:425,133.60098615828755,27,4.948184672529169
A:373,A:374,243.3882161032542,49,4.967106451086821
A:475,A:476,330.54887779770627,66,5.0083163302682765
A:378,A:382,236.4087028222569,43,5.497876809819928
A:435,A:436,148.2788810127779,34,4.36114355919935
A:393,A:395,178.63918047128976,32,5.582474389727805
A:379,A:535,212.2551594185392,35,6.064433126243977
A:529,A:532,236.10604735510768,44,5.3660465307979015
A:321,A:323,141.85071058873342,26,5.455796561105132
A:345,A:405,98.75702496382347,17,5.809236762577851
A:391,A:435,250.77818553857873,46,5.451699685621277
A:443,A:448,340.7275490437725,61,5.585697525307746
A:447,A:448,241.12905240450996,48,5.023521925093958
A:350,A:354,325.7672557826696,58,5.616676823839131
A:373,A:464,288.2298562521452,54,5.337589930595282
A:358,A:361,482.32774741088707,91,5.300304916603155
A:441,A:492,160.64877184145865,31,5.182218446498666
A:509,A:512,299.1467199272893,56,5.34190571298731
A:323,A:325,160.96572142737062,29,5.550542118185194
A:448,A:449,365.1262095993398,73,5.001728898621093
A:394,A:404,270.25096962377785,50,5.405019392475557
A:345,A:347,157.6816370799672,29,5.437297830343697
A:392,A:395,387.78061311900734,70,5.539723044557248
A:503,A:506,267.34782968352107,50,5.346956593670422
A:392,A:443,408.10074288178487,71,5.747897787067393
A:511,A:513,125.94494494496843,24,5.247706039373685
A:418,A:419,231.05867611736176,47,4.91614204505025
A:403,A:405,233.73161029731216,41,5.700770982861272
A:457,A:470,383.85015379657926,70,5.483573625665418
A:319,A:407,279.44850204383204,53,5.272613246110039
A:322,A:325,294.3957820230644,52,5.661457346597392
A:359,A:362,181.94396463756937,32,5.685748894924043
A:359,A:449,64.33438003754996,10,6.433438003754996
A:466,A:470,196.4615853840025,34,5.778281923058897
A:374,A:376,154.16380329546928,28,5.505850117695331
A:381,A:382,276.7185229425711,56,4.941402195403056
A:454,A:478,178.31791032382284,33,5.403573040115844
A:510,A:514,176.4435500093731,33,5.346774242708276
A:446,A:448,179.3229037525809,32,5.6038407422681535
A:309,A:445,225.76717683981775,38,5.941241495784678
A:346,A:349,122.24594074551419,24,5.093580864396425
A:504,A:508,77.48002772853157,15,5.165335181902105
A:473,A:477,173.80512727067443,33,5.2668220385052855
A:527,A:528,219.32294240672687,46,4.7678900523201495
A:428,A:429,159.83332468874673,36,4.439814574687409
A:441,A:495,294.20365203331534,52,5.657762539102218
A:397,A:404,421.5044541417052,78,5.40390325822699
A:383,A:510,175.47065184502586,35,5.013447195572168
A:516,A:519,440.8863089163477,76,5.801135643636154
A:469,A:470,245.69200417954886,51,4.81749027803037
A:340,A:343,110.60921014720736,23,4.809096093356842
A:448,A:452,389.0007574738746,72,5.402788298248258
A:382,A:384,227.96066791772097,40,5.699016697943025
A:387,A:509,176.5006428976494,31,5.693569125730626
A:389,A:390,269.07510887007413,54,4.982872386482854
A:500,A:501,237.83420502383825,48,4.954879271329964
A:365,A:369,130.52754975477603,23,5.675110858903306
A:308,A:364,168.4551965979242,28,6.016257021354436
A:307,A:310,333.82392466555063,65,5.135752687162317
A:315,A:316,240.3443386921688,53,4.534798843248468
A:368,A:369,248.34820701185214,51,4.8695726865069044
A:469,A:471,149.46803319767614,27,5.5358530813954125
A:444,A:495,82.83943745465183,14,5.9171026753322735
A:455,A:458,112.4624755603256,20,5.62312377801628
A:359,A:452,329.2612222385684,63,5.226368606961403
A:370,A:371,200.46514251572125,42,4.772979583707649
A:535,A:536,230.9677127776951,47,4.914206654844577
A:387,A:510,145.75522413671186,28,5.205543719168281
A:381,A:385,184.291966430272,36,5.1192212897297775
A:499,A:502,277.7906039506513,51,5.446874587267673
A:388,A:391,283.6132054638586,52,5.454100105074204
A:423,A:516,344.7687687695491,61,5.651947029009002
A:427,A:509,253.65920922088512,44,5.764982027747389
A:315,A:318,214.64265630373455,39,5.503657853941911
A:350,A:532,281.65956961241943,52,5.41653018485422
A:453,A:457,408.6680674458966,74,5.522541451971576
A:501,A:503,162.16665207685534,29,5.591953519891564
A:496,A:500,342.10494796135345,64,5.345389811896148
A:518,A:522,341.86357865887027,62,5.5139286880462945
A:534,A:537,321.9627150096095,56,5.749334196600169
A:436,A:439,250.358231430045,47,5.32677088149032
A:343,A:344,127.07304020412273,29,4.381828972555956
A:394,A:397,271.3854539515265,46,5.8996837815549235
A:447,A:495,132.2002696022476,26,5.0846257539326
A:311,A:359,236.9822512291567,42,5.64243455307516
A:320,A:407,51.73458085113259,8,6.466822606391574
A:478,A:480,122.30524228329367,23,5.31761922970842
A:497,A:502,63.172311788327626,10,6.317231178832762
A:520,A:521,215.24485731533935,44,4.891928575348621
A:500,A:503,243.2674686656429,45,5.405943748125398
A:414,A:416,179.27854452648168,33,5.432683167469142
A:365,A:453,191.23079099732183,31,6.168735193461995
A:435,A:439,298.50257903960244,56,5.330403197135758
A:398,A:439,91.20377129427712,18,5.066876183015395
A:351,A:352,213.97138988907955,45,4.754919775312879
A:521,A:522,368.48321591239346,72,5.117822443227687
A:485,A:487,151.92709802449303,28,5.425967786589037
A:454,A:474,332.5351418213555,62,5.363470029376702
A:393,A:397,356.3378291656213,64,5.567778580712833
A:412,A:414,225.49329952805275,44,5.124847716546653
A:301,A:303,163.3015893069988,28,5.8321996181071
A:438,A:441,268.3462136978983,50,5.366924273957966
A:352,A:353,256.6142165206231,52,4.934888779242751
A:395,A:438,145.25665874700908,25,5.810266349880363
A:370,A:373,262.3705713273678,48,5.466053569320163
A:346,A:527,169.54716518982514,29,5.846453972062935
A:323,A:327,142.90077617897322,26,5.496183699191278
A:521,A:523,156.54394565938955,29,5.398067091703088
A:375,A:378,197.11333278576626,36,5.475370355160174
A:325,A:329,413.21594429984447,79,5.230581573415753
A:444,A:447,313.5977591768205,67,4.680563569803291
A:444,A:489,191.546210954198,36,5.320728082061056
A:486,A:489,146.8255999657855,26,5.64713846022252
A:339,A:344,117.71148382438253,20,5.885574191219126
A:399,A:400,99.11910993339114,25,3.964764397335646
A:302,A:305,257.5447446603201,51,5.049896954123923
A:421,A:424,154.88439835353572,28,5.531585655483418
A:392,A:448,574.5821628820471,107,5.369926755906982
A:305,A:484,179.35075056810143,31,5.785508082841981
A:381,A:456,177.34130396318903,31,5.7206872246190015
A:464,A:466,192.92055295324352,35,5.5120157986641
A:478,A:496,218.17706213861285,40,5.454426553465321
A:341,A:345,199.1984343547243,37,5.383741469046603
A:342,A:526,167.4725751879584,29,5.774916385791669
A:443,A:447,448.7785341286573,81,5.540475729983424
A:360,A:366,231.26454682931876,46,5.0274901484634515
A:376,A:380,120.99166723528153,22,5.499621237967342
A:321,A:322,259.12602693942586,53,4.889170319611809
A:382,A:386,259.60143133772476,47,5.5234347093132925
A:301,A:305,263.8800588234713,45,5.864001307188251
A:509,A:511,159.37955462369968,29,5.4958467111620575
A:495,A:498,170.61180367539714,33,5.170054656830216
A:409,A:410,192.70448590174016,42,4.588202045279528
A:303,A:307,191.48314854952568,34,5.631857310280167
A:422,A:426,160.92339702052843,32,5.028856156891513
A:318,A:355,125.5447224381833,22,5.7065782926446955
A:482,A:496,356.4091011589923,69,5.165349292159309
A:451,A:455,156.7954190918722,29,5.406738589374903
A:406,A:408,103.24230020065207,19,5.43380527371853
A:516,A:517,408.2681984772434,79,5.167951879458777
A:384,A:388,147.81345968473778,27,5.474572580916214
A:403,A:411,295.1596546836622,56,5.270708119351111
A:430,A:434,156.58665314756774,28,5.592380469555991
A:318,A:321,236.5501095332774,43,5.5011653379831955
A:490,A:491,143.3327951111039,33,4.343418033669815
A:403,A:416,134.95534469953643,24,5.623139362480685
A:364,A:367,316.48624403292854,59,5.364173627676755
A:479,A:482,177.6029536578167,33,5.381907686600506
A:410,A:412,79.24879763062728,13,6.096061356202099
A:519,A:520,491.984588365918,95,5.178785140693874
A:517,A:532,82.13853777334502,14,5.867038412381787
A:376,A:464,212.81908713118605,37,5.7518672197617855
A:305,A:450,121.22216175672271,21,5.772483893177272
A:390,A:394,359.7467017552891,69,5.2137203152940454
A:346,A:348,144.43902660780785,27,5.3495935780669575
A:501,A:505,181.03513457758913,33,5.485913169017852
A:394,A:435,210.32303681914914,37,5.6844064005175445
A:454,A:455,209.26423906636947,44,4.756005433326579
A:519,A:525,127.38179924118243,20,6.369089962059122
A:473,A:476,214.18028853385485,38,5.636323382469865
A:380,A:382,207.95775592552957,35,5.9416501693008446
A:387,A:388,228.72266878425532,47,4.866439761367134
A:369,A:373,322.339548042057,57,5.655079790211526
A:313,A:314,149.68247174246636,34,4.402425639484305
A:433,A:434,237.02008618945115,49,4.837144616111248
A:439,A:443,157.42352582895072,26,6.054750993421181
A:345,A:348,275.55576779111095,50,5.511115355822219
A:354,A:355,190.75310811637124,40,4.768827702909281
A:454,A:456,137.07434498152557,25,5.482973799261023
A:371,A:375,210.35483771599988,40,5.258870942899997
A:480,A:484,142.91854248258528,26,5.496867018560972
A:414,A:418,147.90086177162695,30,4.930028725720899
A:441,A:442,232.40372729379567,49,4.742933210077463
A:463,A:464,233.68844794172713,48,4.868509332119316
A:458,A:461,204.04666888309183,38,5.369649181133996
A:474,A:478,275.3787984877263,52,5.295746124763967
A:438,A:443,381.1747818008919,73,5.221572353436875
A:499,A:501,152.47623335228033,28,5.44557976258144
A:506,A:507,229.8941543672161,47,4.891364986536512
A:353,A:356,270.4546965733066,52,5.201051857178973
A:517,A:520,242.67362796821675,45,5.392747288182594
A:314,A:316,172.78601748504582,33,5.235939923789267
A:401,A:403,91.89740170476556,15,6.12649344698437
A:374,A:375,243.7268191441712,49,4.974016717227983
A:354,A:357,201.52089548640305,37,5.446510688821704
A:372,A:376,202.0069113673855,38,5.315971351773302
A:489,A:492,397.44944166445396,72,5.520131134228527
A:394,A:396,174.50806171788557,31,5.62929231348018
A:513,A:514,176.55402861779308,38,4.64615864783666
A:339,A:340,122.69122422925336,30,4.089707474308446
A:442,A:443,209.0996854866133,43,4.862783383409612
A:507,A:509,186.5556328555683,33,5.653200995623282
A:443,A:444,365.45281965960635,73,5.006203009035703
A:530,A:534,166.21423544813712,30,5.5404745149379035
A:485,A:486,236.52515034838657,49,4.8270438846609505
A:365,A:473,279.6473660207784,50,5.592947320415568
A:358,A:362,201.0312941662403,36,5.584202615728897
A:311,A:453,91.18005397076342,15,6.0786702647175614
A:395,A:398,93.23521342345217,17,5.484424319026598
A:303,A:304,219.6266508652968,45,4.88059224145104
A:423,A:424,228.34471976438843,47,4.858398292859328
A:531,A:535,224.96146476965268,42,5.356225351658397
A:323,A:326,281.74523830493257,49,5.749902822549644
A:340,A:342,219.986308520944,42,5.237769250498666
A:451,A:481,101.02311182381929,17,5.942535989636429
A:449,A:451,166.33559461745426,30,5.544519820581809
A:456,A:457,403.2440056259779,82,4.917609824707047
A:375,A:377,159.73978571968274,29,5.508268473092508
A:382,A:383,375.1180930821773,81,4.63108756891577
A:492,A:493,185.6852121436897,40,4.642130303592243
A:413,A:432,219.497976210862,37,5.932377735428703
A:315,A:393,81.46025359321814,13,6.266173353324472
A:384,A:385,239.03972310717086,49,4.878361696064712
A:489,A:495,307.10006084630555,57,5.387720365724658
A:457,A:473,323.9589740289215,59,5.4908300682868045
A:310,A:311,169.18679185885037,37,4.572615996185145
A:339,A:343,104.46027785240416,18,5.803348769578009
A:301,A:484,281.71736093747666,48,5.869111686197431
A:348,A:350,168.0772885838066,30,5.602576286126887
A:467,A:472,50.775159068026895,8,6.346894883503362
A:515,A:518,220.60142873709208,40,5.515035718427302
A:308,A:453,312.74808653236397,59,5.300815025972271
A:311,A:312,201.0379232712263,44,4.569043710709689
A:511,A:515,234.28912453785122,43,5.4485842915779354
A:322,A:351,302.0894448462522,55,5.492535360840949
A:450,A:453,226.67537162207265,41,5.528667600538357
A:365,A:366,245.35741778166818,49,5.007294240442207
A:473,A:474,233.49148632479606,48,4.864405965099918
A:447,A:489,173.05917874764566,32,5.408099335863927
A:501,A:502,348.08434891157816,74,4.7038425528591645
A:437,A:438,183.22406343066882,40,4.58060158576672
A:319,A:320,175.5300358880982,38,4.619211470739427
A:449,A:453,258.3126605775894,47,5.496014054842328
A:371,A:372,259.33456604562906,56,4.630974393671948
A:380,A:461,183.10217824670295,33,5.548550855960696
A:396,A:397,322.1374283543334,69,4.668658381946861
A:316,A:319,284.0018147036566,51,5.568663033405031
A:356,A:385,201.16656097353976,36,5.587960027042771
A:387,A:506,244.1650664275929,42,5.813453962561736
A:502,A:504,156.71315885360985,30,5.223771961786995
A:378,A:379,229.95996427388587,47,4.892765197316721
A:430,A:433,327.4879286953277,63,5.1982210904020265
A:344,A:345,296.6188813709371,62,4.784175505982857
A:507,A:510,228.6397389830395,42,5.443803309119988
A:479,A:481,134.95472564373577,25,5.3981890257494305
A:447,A:481,208.58189255737918,36,5.7939414599272
A:372,A:374,185.17536113296228,33,5.611374579786736
A:482,A:483,250.65859972227273,51,4.914874504358289
A:390,A:393,456.75363624885307,82,5.57016629571772
A:508,A:511,157.66715760569173,30,5.255571920189724
A:377,A:461,173.78581794362998,31,5.6059941272138705
A:317,A:321,118.78897001869615,22,5.399498637213461
A:437,A:441,156.46027549244235,29,5.395181913532495
A:444,A:446,427.58800205642615,83,5.1516626753786285
A:388,A:448,292.8984991918928,52,5.632663445997939
A:346,A:526,121.6794175698879,21,5.794257979518472
A:486,A:488,139.84799429292462,24,5.826999762205193
A:417,A:419,162.95205483950815,30,5.431735161316938
A:367,A:374,106.67615371682379,19,5.61453440614862
A:525,A:526,207.60331454371342,44,4.71825714872076
A:379,A:381,135.2153269669951,24,5.633971956958129
A:461,A:462,258.9868322656196,55,4.708851495738538
A:459,A:474,213.7512168131644,39,5.48080043110678
A:381,A:455,176.22385146233674,32,5.506995358198023
A:480,A:483,188.79261359141478,36,5.244239266428188
A:341,A:344,249.46809342331247,46,5.423219422245923
A:376,A:379,269.3526504255279,50,5.3870530085105575
A:529,A:531,188.1619069624352,33,5.701875968558642
A:426,A:427,237.2078770032162,49,4.8409770816982896
A:532,A:533,254.13251875411083,52,4.887163822194439
A:445,A:448,314.6027455879496,57,5.519346413823677
A:353,A:355,150.97278508183382,28,5.391885181494065
A:460,A:462,223.17764385048025,41,5.443357167084884
A:311,A:313,117.985224561634,21,5.618344026744476
A:487,A:490,141.22153005506476,26,5.431597309810183
A:495,A:496,222.0654602695201,46,4.827510005859132
A:393,A:394,363.2585642009135,74,4.908899516228561
A:401,A:402,93.21301234836922,24,3.8838755145153843
A:382,A:536,294.75947723257093,53,5.561499570425867
A:423,A:426,253.60936140301132,47,5.395943859638539
A:384,A:455,241.77836330487307,43,5.622752634997048
A:457,A:469,152.7050805001497,25,6.108203220005988
A:305,A:308,278.66783842326697,53,5.257883743835226
A:365,A:469,249.89209806408283,44,5.679365865092792
A:425,A:428,265.39862401124424,48,5.529138000234255
A:369,A:469,165.1617258519064,28,5.8986330661395145
A:390,A:403,110.47748479155187,19,5.814604462713256
A:394,A:395,213.0195822325017,45,4.733768494055593
A:377,A:381,126.06179898596814,23,5.480947781998615
A:384,A:387,232.19429745197505,43,5.399867382604071
A:494,A:498,112.97091434020892,22,5.135041560918587
A:360,A:456,75.4232820517442,13,5.801790927057246
A:450,A:477,182.18998554350742,33,5.520908652833558
A:536,A:538,120.80921479908862,23,5.252574556482114
A:361,A:363,140.6025186485287,26,5.4077891787895656
A:434,A:502,272.2733575284471,46,5.918986033227111
A:476,A:477,214.84369311841104,45,4.774304291520245
A:402,A:404,126.70317473758554,21,6.033484511313597
A:424,A:428,242.24306354861787,48,5.046730490596206
A:530,A:533,191.36553011131014,34,5.628397944450298
A:346,A:347,173.52482615550676,38,4.566442793565967
A:307,A:364,200.09501734583515,35,5.71700049559529
A:403,A:410,138.59170962201682,25,5.5436683848806725
A:434,A:437,146.31172019504262,28,5.22541857839438
A:367,A:369,181.4151444959371,33,5.4974286210890035
A:311,A:364,137.93770503023413,24,5.747404376259755
A:326,A:348,145.58865471480658,26,5.599563642877176
A:373,A:466,137.32038059985157,26,5.281553099994292
A:319,A:406,276.41327464353793,48,5.75860988840704
A:499,A:500,258.0220335172506,52,4.96196218302405
A:419,A:421,72.14357726393862,12,6.011964771994886
A:317,A:318,152.8323240058728,35,4.366637828739223
A:347,A:350,217.46067023304454,40,5.436516755826114
A:366,A:457,293.5715579196822,52,5.645606883070812
A:482,A:485,241.9685816997212,45,5.377079593327138
A:388,A:390,178.77419931094505,32,5.586693728467033
A:370,A:465,186.31167066211952,34,5.479755019474104
A:383,A:511,80.5957853304584,13,6.199675794650646
A:415,A:419,224.5547929079744,41,5.4769461684871805
A:484,A:487,200.26613170148218,36,5.562948102818949
A:342,A:517,152.7756106695555,26,5.875985025752135
A:392,A:445,286.55533502057506,52,5.510679519626444
A:307,A:309,186.1535698589506,33,5.641017268453048
A:323,A:407,253.57223474748537,48,5.282754890572612
A:500,A:502,245.25158177909194,43,5.703525157653301
A:462,A:464,182.46721777120837,33,5.529309629430557
A:413,A:428,241.23563405697877,43,5.610131024580902
A:518,A:536,346.6887058574662,60,5.778145097624436
A:326,A:327,148.21644533187666,33,4.491407434299292
A:485,A:495,307.056826730586,53,5.793525032652566
A:395,A:439,358.8216598304368,66,5.4366918156126784
A:350,A:531,294.4656560983362,53,5.555955775440306
A:532,A:535,232.84052960513603,42,5.5438221334556195
A:326,A:407,76.8966224129594,13,5.915124800996877
A:308,A:311,146.2978518285155,28,5.224923279589839
A:428,A:431,128.4896337256936,25,5.139585349027744
A:469,A:473,188.07223469005552,35,5.373492419715872
A:377,A:378,247.4404578953847,50,4.948809157907694
A:349,A:532,146.32270847644492,25,5.852908339057796
A:394,A:398,160.22970958758864,32,5.007178424612145
A:514,A:516,165.66203206480944,30,5.522067735493648
A:486,A:487,172.30311418510192,37,4.656840923921673
A:379,A:380,215.72704479906238,44,4.902887381796872
A:467,A:471,407.22972625392805,76,5.358285871762211
A:304,A:305,296.11984553695254,59,5.018980432829704
A:424,A:425,261.3257970892289,53,4.930675416777904
A:450,A:452,156.93335385329615,29,5.411494960458488
A:429,A:433,197.57904285334058,37,5.339974131171367
A:344,A:346,156.5741499550307,29,5.399108619138989
A:383,A:384,240.1505828391023,50,4.803011656782046
A:353,A:532,142.89355805664655,25,5.7157423222658625
A:493,A:495,106.58051050504741,19,5.609500552897233
A:364,A:453,174.25794266471152,31,5.621223956926178
A:385,A:386,237.11998032106555,48,4.939999590022199
A:349,A:386,104.12195344271028,20,5.206097672135514
A:404,A:409,251.7661881957862,46,5.473178004256222
A:413,A:415,171.17531899469267,31,5.521784483699764
A:431,A:432,194.52450615894753,44,4.421011503612444
A:457,A:459,107.27927649306302,19,5.646277710161212
A:497,A:498,94.21639391740979,24,3.9256830798920745
A:492,A:495,339.1203480011889,64,5.298755437518577
A:362,A:367,255.08703114749537,46,5.545370242336856
A:392,A:393,304.34455791388314,59,5.1583823375234426
A:359,A:361,173.94409430672525,31,5.611099816345976
A:520,A:523,287.0871565014881,52,5.520906855797848
A:474,A:475,289.2846342070022,57,5.075169021175478
A:396,A:439,88.51251566898804,14,6.32232254778486
A:308,A:449,246.85341977010225,44,5.610304994775051
A:389,A:392,215.8758462423569,38,5.680943322167287
A:312,A:314,88.33866546920137,15,5.8892443646134245
A:440,A:441,224.24039408326854,48,4.671674876734762
A:342,A:346,237.62001553625907,44,5.4004548985513425
A:450,A:454,170.91605278029854,32,5.3411266493843295
A:413,A:425,145.37510849575713,24,6.057296187323214
A:366,A:367,297.131170986037,58,5.122951223897189
A:434,A:506,131.41256258931176,23,5.713589677796164
A:355,A:359,173.82213178469533,31,5.607165541441785
A:519,A:523,397.74202117684376,74,5.374892178065457
A:317,A:320,113.675635990874,22,5.167074363221546
A:521,A:526,336.26322130345295,59,5.699376632261915
A:312,A:449,187.1188182671788,34,5.503494654917024
A:328,A:329,191.46831362377281,42,4.5587693719945905
A:442,A:489,308.4385044109096,55,5.607972807471084
A:357,A:360,156.9373158478843,29,5.411631580961528
A:464,A:467,324.05868063137876,58,5.587218631575496
A:501,A:504,179.4225357577478,33,5.437046538113569
A:436,A:440,100.18950459300879,19,5.273131820684673
A:483,A:484,236.8517424347445,49,4.8337090292805
A:417,A:418,124.42801152558978,30,4.147600384186326
A:353,A:354,294.07320276713165,58,5.070227633916063
A:417,A:425,175.03289204081383,33,5.304027031539813
A:393,A:404,450.1139701418819,80,5.626424626773524
A:526,A:527,207.8917825768576,49,4.242689440344033
A:373,A:376,312.704080186104,57,5.486036494493053
A:462,A:463,245.66410529109726,53,4.635171797945231
A:416,A:419,252.86955186010277,45,5.619323374668951
A:302,A:480,144.68673334881373,26,5.5648743595697585
A:312,A:452,129.7723419902967,25,5.190893679611868
A:467,A:468,269.8491907368396,54,4.9972072358674
A:491,A:492,198.9171613497885,42,4.736122889280678
A:377,A:380,211.71504001842996,39,5.428590769703332
A:392,A:444,196.01385432279272,35,5.6003958377940775
A:459,A:470,121.5693257258465,20,6.078466286292325
A:400,A:402,149.44551022910213,28,5.337339651039362
A:380,A:507,181.32273828661144,35,5.180649665331756
A:533,A:534,325.03574537561565,67,4.851279781725607
A:322,A:406,204.5028904921794,36,5.680635847004983
A:427,A:428,231.69425761808284,47,4.92966505570389
A:377,A:457,263.3918806436483,45,5.853152903192184
A:354,A:356,186.9149487746895,33,5.6640893568087725
A:468,A:469,271.7747848091383,54,5.032866385354413
A:451,A:454,264.24689852759434,50,5.284937970551887
A:381,A:383,151.5789898842242,28,5.413535353008007
A:490,A:493,130.28406405973422,23,5.6645245243362705
A:359,A:456,163.57839805538225,28,5.84208564483508
A:305,A:480,133.58788203546752,24,5.5661617514778134
A:434,A:435,201.25581761033908,43,4.6803678514032345
A:445,A:449,179.8882591705273,33,5.451159368803857
A:309,A:446,171.65590515220333,31,5.537287262974301
A:360,A:363,131.02507550512473,27,4.852780574263879
A:468,A:470,167.30463128187122,30,5.576821042729041
A:367,A:368,341.659654251248,65,5.256302373096124
A:320,A:323,154.5390032291965,29,5.328931145834362
A:385,A:388,250.6530171070421,45,5.570067046823158
A:326,A:347,158.3703175900538,28,5.65608277107335
A:447,A:485,136.92223986647323,24,5.705093327769718
A:410,A:411,146.01208215587496,34,4.294473004584558
A:534,A:536,167.33322914393713,30,5.577774304797904
A:387,A:390,291.1825710612958,52,5.599664828101842
A:516,A:520,395.965910830556,75,5.279545477740747
A:322,A:324,132.68191056494476,25,5.30727642259779
A:354,A:531,307.0871424806598,58,5.294605904838962
A:452,A:456,138.09244968211155,25,5.523697987284462
A:404,A:405,332.6258776894589,69,4.820664894050129
A:514,A:515,264.1198508059425,52,5.0792279001142795
A:435,A:438,241.031931621124,43,5.6053937586307905
A:469,A:472,129.49095751522947,24,5.3954565631345615
A:476,A:479,201.80163955337795,38,5.310569461930998
A:484,A:485,341.7037801441729,69,4.952228697741637
A:451,A:503,186.06957573468605,33,5.638471991960183
A:513,A:516,213.35540266284903,39,5.4706513503294625
A:419,A:420,134.97779629119384,31,4.354122461006253
A:315,A:397,109.15071703450657,20,5.4575358517253285
A:432,A:436,96.5121643044194,18,5.361786905801078
A:353,A:531,243.23797090033827,44,5.528135702280415
A:347,A:349,126.05674060363049,24,5.252364191817937
A:455,A:456,227.88411170603473,47,4.8485981214049945
A:350,A:351,337.36786954390135,69,4.88938941367973
A:357,A:358,263.1150220816204,53,4.964434378898498
A:476,A:480,115.8331288508605,21,5.515863278612405
A:384,A:510,212.75410720231432,39,5.455233518008059
A:392,A:396,306.8000527731433,58,5.289656082295574
A:368,A:466,86.71250496237509,14,6.193750354455363
A:526,A:528,121.68617658325257,21,5.794579837297742
A:454,A:503,148.83849094760316,25,5.953539637904126
A:363,A:453,137.2215593578707,24,5.717564973244612
A:477,A:481,177.01984019320977,32,5.531870006037805
A:322,A:326,209.02537229997347,39,5.35962493076855
A:446,A:481,56.37747973754048,9,6.264164415282276
A:412,A:415,294.0174056726797,56,5.250310815583566
A:520,A:522,153.1311861247828,28,5.468970933027957
A:528,A:529,384.97095501621,79,4.873050063496329
A:374,A:378,175.83464565980424,32,5.494832676868882
A:381,A:384,262.40359904508847,51,5.145168608727225
A:348,A:351,201.7404657412909,36,5.60390182614697
A:456,A:458,116.89487727356021,22,5.313403512434555
A:427,A:429,151.0588794762269,28,5.394959981293818
A:395,A:396,220.6904951356079,47,4.695542449693785
A:484,A:488,453.5379964383902,84,5.399261862361788
A:389,A:406,54.318885077740674,9,6.035431675304519
A:509,A:510,202.3187067889013,44,4.598152427020484
A:514,A:536,325.431243346386,55,5.916931697207018
A:318,A:320,135.00230243911764,25,5.4000920975647055
A:458,A:474,149.8168684239873,25,5.992674736959492
A:355,A:358,208.16505248573912,38,5.478027696993135
A:400,A:401,79.76405037462438,20,3.9882025187312187
A:375,A:379,240.11327402587312,48,5.002359875539024
A:406,A:407,220.48258649598137,48,4.593387218666279
A:372,A:373,249.71070298281313,51,4.89628829378065
A:342,A:527,116.61093174961965,19,6.137417460506297
A:481,A:482,234.96558728675376,48,4.89511640180737
A:342,A:343,184.5680819527911,40,4.614202048819777
A:357,A:378,142.57426952003283,25,5.702970780801313
A:429,A:432,223.19040074570785,40,5.5797600186426966
A:535,A:538,164.58976524477038,32,5.143430163899074
A:446,A:447,304.7250794337137,59,5.164831854808707
A:363,A:366,252.7309770899969,45,5.616243935333265
A:471,A:474,204.57154926636744,37,5.528960790982904
A:315,A:319,247.58364216820905,44,5.626900958368387
A:507,A:511,312.2626398307138,59,5.29258711577481
A:515,A:517,155.7581191221419,28,5.562789968647925
A:532,A:536,243.5991131837468,46,5.295632895298843
A:380,A:381,216.61870803353878,46,4.709102348555191
A:343,A:345,144.47437007159675,27,5.3509025952443245
A:304,A:477,142.68491087446947,25,5.7073964349787785
A:470,A:474,139.522778014842,25,5.58091112059368
A:425,A:426,244.63727885856449,51,4.7968093893836175
A:478,A:481,219.66886516099206,40,5.491721629024801
A:531,A:532,234.20944304423566,48,4.8793633967549095
A:404,A:408,205.85240814767894,40,5.146310203691973
A:494,A:496,143.65710136942536,26,5.525273129593283
A:425,A:427,166.3437387482621,30,5.544791291608736
A:481,A:499,113.30867275575507,19,5.963614355566056
A:384,A:507,352.76581359165607,67,5.265161396890389
A:521,A:525,177.12097693321778,29,6.107619894248889
A:320,A:322,150.61964084162923,27,5.578505216356638
A:356,A:389,59.5800242227246,10,5.95800242227246
A:352,A:355,191.7852477721891,36,5.32736799367192
A:399,A:402,151.84299043085176,30,5.061433014361725
A:529,A:533,283.21116066213455,52,5.446368474271818
A:321,A:324,144.9276256449878,27,5.367689838703252
A:441,A:443,215.11395250789528,37,5.813890608321494
A:373,A:375,162.85931636392183,30,5.428643878797394
A:506,A:508,133.20297021110963,25,5.328118808444385
A:502,A:505,365.88933879490486,74,4.944450524255471
A:318,A:406,134.8334629562398,22,6.128793770738173
A:389,A:448,184.50889621249712,32,5.765903006640535
A:447,A:449,161.56784778271066,29,5.57130509595554
A:503,A:507,115.26094221506533,21,5.488616295955492
A:305,A:307,168.3092940460055,31,5.429332066000177
A:448,A:450,161.72545827879694,30,5.390848609293231
A:356,A:357,226.91121000421953,48,4.727316875087907
A:444,A:448,160.0471306330776,29,5.5188665735544
A:374,A:377,208.10213468328953,38,5.476371965349725
A:483,A:486,258.20934576352795,48,5.379361370073499
A:301,A:488,91.72464605159841,15,6.114976403439894
A:309,A:310,213.13849038585215,44,4.844056599678458
A:379,A:538,235.07035118070138,43,5.466752353039567
A:346,A:350,125.00617228036123,23,5.435050968711358
A:363,A:364,189.5893521121199,42,4.514032193145712
A:527,A:529,223.4048292021063,40,5.585120730052657
A:534,A:535,242.6835201511532,50,4.853670403023064
A:498,A:500,169.42009846249275,30,5.647336615416425
A:306,A:309,263.65229809561265,49,5.380659144808422
A:441,A:502,83.46573028393132,14,5.961837877423666
A:348,A:407,118.07598655647321,22,5.36709029802151
A:364,A:365,390.3678382018229,85,4.592562802374387
A:472,A:473,115.80290503784073,28,4.13581803706574
A:533,A:536,260.7279366074382,48,5.431832012654962
A:435,A:437,127.21356591893854,24,5.3005652466224396
A:477,A:478,252.48943366323186,52,4.855566031985228
A:359,A:453,303.9652037193276,53,5.735192523006181
A:413,A:414,274.04081730337884,56,4.893586023274622
A:427,A:431,90.15761012992927,17,5.30338883117231
A:352,A:386,174.11903069249794,30,5.803967689749931
A:452,A:453,378.1377967773187,72,5.251913844129427
A:388,A:452,179.26591812561787,31,5.782771552439287
A:500,A:504,95.91740497198909,17,5.642200292469946
A:522,A:523,214.25240740384416,44,4.869372895541913
A:514,A:538,56.97571843619876,9,6.330635381799862
A:458,A:460,225.7098537000546,43,5.249066365117549
A:358,A:359,310.4732079758957,60,5.174553466264928
A:391,A:392,239.92628842729394,49,4.8964548658631415
A:460,A:461,187.61065296879482,41,4.575869584604752
A:423,A:425,171.07629879446142,31,5.518590283692304
A:378,A:385,74.59043655252788,12,6.215869712710656
A:340,A:344,142.21887466151412,26,5.469956717750543
A:394,A:402,97.16482586915869,16,6.072801616822418
A:359,A:360,331.9831160191202,70,4.742615943130288
A:399,A:401,94.5369181979338,17,5.560995188113753
A:510,A:511,201.38593432043118,43,4.683393821405376
A:520,A:525,358.1174497979346,70,5.115963568541924
A:342,A:520,252.77366026669486,47,5.378162984397763
A:382,A:385,202.58177954364174,38,5.331099461674783
A:327,A:328,99.23632735861513,25,3.969453094344605
A:344,A:409,67.86008259763884,12,5.655006883136569
A:485,A:490,80.97061644200099,14,5.7836154601429275
A:398,A:402,102.42311681641854,17,6.024889224495208
A:407,A:409,272.11126839026974,50,5.442225367805395
A:326,A:329,286.2295046060196,52,5.504413550115761
A:518,A:519,290.2274775584013,57,5.091710132603532
A:415,A:416,268.8511160172101,55,4.88820210940382
A:472,A:475,179.61307298691514,35,5.131802085340433
A:489,A:490,202.78989552841855,45,4.506442122853746
A:406,A:409,74.69140091769336,12,6.2242834098077795
A:362,A:366,103.59268688659091,16,6.474542930411932
A:453,A:455,177.65306845741827,32,5.551658389294321
A:479,A:483,119.52045365367229,22,5.432747893348741
A:352,A:389,88.17928629978583,15,5.878619086652389
A:361,A:374,161.96353665028073,27,5.998649505565953
A:350,A:530,135.847398793633,24,5.660308283068042
A:300,A:488,120.73526064575654,23,5.249359158511154
A:413,A:417,238.8319874230208,44,5.427999714159563
A:316,A:317,147.52825081463808,34,4.339066200430532
A:402,A:413,169.5786607930276,30,5.652622026434254
A:454,A:457,218.74913661555104,39,5.608952220911565
A:472,A:477,49.79114271672688,8,6.22389283959086
A:497,A:500,159.08468219419427,31,5.131763941748202
A:414,A:419,84.4385133335814,14,6.0313223809701
A:324,A:325,172.51696699598546,37,4.662620729621229
A:360,A:362,140.05193715397024,26,5.386612967460394
A:517,A:521,132.64913947311604,24,5.5270474780465015
A:512,A:514,160.76705026829333,29,5.543691388561839
A:325,A:326,422.7505149406076,84,5.032744225483424
A:513,A:515,177.68888184676885,32,5.552777557711527
A:302,A:303,262.0946013505234,52,5.040280795202373
A:442,A:444,139.23207071644842,25,5.569282828657936
A:517,A:536,162.31360960587128,30,5.410453653529043
A:512,A:515,271.9419220966643,52,5.229652348012776
A:454,A:473,83.52288241667762,13,6.424837108975201
A:393,A:405,194.79597960165592,36,5.410999433379331
A:305,A:446,226.1358414149975,39,5.798354908076859
A:426,A:428,159.8121037818721,29,5.5107621993749
A:465,A:466,247.8882925287488,50,4.957765850574976
A:304,A:364,57.876906056396834,9,6.430767339599648
A:382,A:532,205.46610907812567,35,5.870460259375019
A:492,A:494,154.76792258212342,28,5.527425806504408
A:384,A:386,158.5967975789115,29,5.468855088927983
A:473,A:478,68.52393539552402,11,6.229448672320365
A:514,A:517,224.24134580180893,41,5.469301117117291
A:466,A:467,239.52047833581693,49,4.88817302726157
A:430,A:432,181.56255028956787,32,5.673829696548996
A:318,A:319,210.08044449590108,44,4.774555556725025
A:357,A:359,215.86253441560774,38,5.680593010937046
A:432,A:433,232.14867802613648,47,4.939333575024181
A:518,A:521,408.66176508763385,69,5.922634276632374
A:427,A:430,326.95424760933497,60,5.449237460155583
A:403,A:409,82.00934071427496,14,5.85781005101964
A:411,A:415,163.93926217526842,28,5.8549736491167295
A:457,A:474,287.2081361521997,51,5.63153208141568
A:347,A:351,177.960186335034,32,5.561255822969812
A:439,A:441,170.88638366533226,31,5.512463989204266
A:408,A:410,76.41104131521838,14,5.457931522515599
A:366,A:373,47.78410103398257,8,5.973012629247822
A:389,A:393,349.8819993514083,66,5.301242414415277
A:453,A:454,247.89263234333117,50,4.957852646866623
A:366,A:378,160.04062085017455,29,5.518642098281881
A:301,A:306,248.49776817067567,47,5.287186556822887
A:482,A:484,170.80337314639914,31,5.509786230529005
A:523,A:525,265.2914362696113,52,5.101758389800218
A:521,A:537,123.02224538294254,21,5.858202161092502
A:310,A:312,159.21918447548518,29,5.490316706051213
A:503,A:504,214.34587482853829,48,4.465539058927881
A:377,A:456,279.3382275751166,51,5.477220148531698
A:351,A:354,438.26902045946775,78,5.618833595634202
A:485,A:489,330.46428799280096,59,5.601089626996626
A:304,A:307,265.3029457392571,48,5.5271447029011895
A:313,A:355,74.46793106319375,12,6.205660921932812
A:504,A:506,205.23137569208768,36,5.700871547002436
A:390,A:404,123.66878006300338,20,6.183439003150169
A:346,A:529,75.70339080632074,12,6.308615900526728
A:468,A:471,211.5306207302373,37,5.717043803519927
A:347,A:348,224.1228791282312,46,4.872236502787635
A:451,A:500,98.13360096073644,16,6.133350060046028
A:366,A:368,194.3026047009234,35,5.551502991454955
A:427,A:516,114.5594739305534,19,6.029445996344916
A:416,A:418,129.4947884122654,24,5.395616183844392
A:434,A:438,217.33438083632768,40,5.433359520908192
A:349,A:350,163.29172304069544,36,4.5358811955748735
A:350,A:529,224.03630561376414,41,5.464300136921077
A:300,A:487,100.71492941127411,17,5.924407612427889
A:322,A:355,49.65056528030063,8,6.206320660037579
A:308,A:309,247.7399911131661,51,4.857646884571884
A:431,A:435,116.053853801944,22,5.275175172815636
A:402,A:412,207.8966047727622,36,5.774905688132283
A:447,A:450,159.87360928013786,31,5.157213202585092
A:497,A:499,133.06658395974398,25,5.322663358389759
A:475,A:479,78.82885570567312,15,5.255257047044875
A:417,A:420,125.97587755425019,25,5.039035102170008
A:525,A:527,121.10313745308125,22,5.504688066049147
A:345,A:349,84.54014547131489,16,5.28375909195718
A:461,A:463,141.32999346151698,23,6.144782324413781
A:519,A:522,360.6828784591904,64,5.63566997592485
A:458,A:470,129.14395171433043,22,5.870179623378656
A:478,A:479,146.04853078130023,33,4.425713053978795
A:444,A:445,233.61678028523866,49,4.767689393576299
A:354,A:358,120.88207819181002,22,5.494639917809547
A:352,A:406,135.43836584444,24,5.643265243518333
A:306,A:310,206.7928474077429,37,5.588995875884943
A:487,A:488,212.60772770937865,48,4.4293276606120555
A:414,A:415,205.81559546348623,44,4.677627169624687
A:443,A:445,148.01821299162975,23,6.435574477896946
A:359,A:385,117.1398781914708,20,5.85699390957354
A:518,A:537,296.294865762338,54,5.4869419585618155
A:506,A:510,150.05461758721916,29,5.174297158179971
A:491,A:493,122.10791404898468,23,5.309039741260204
A:530,A:531,219.2746929149263,45,4.872770953665029
A:385,A:455,187.48654362258972,33,5.681410412805749
A:312,A:448,161.11450784564545,27,5.967203994283165
A:384,A:506,311.9717582923728,55,5.6722137871340506
A:385,A:387,186.3699715892982,33,5.647574896645399
A:454,A:481,66.00555934541799,11,6.000505395037999
A:376,A:462,110.20877282234937,19,5.800461727492072
A:431,A:433,183.1146335611295,33,5.5489282897311965
A:537,A:538,142.4261820309244,32,4.450818188466387
A:441,A:498,131.63583537458487,24,5.484826473941037
A:404,A:410,242.14095368753863,42,5.765260802084253
A:520,A:524,79.50741805657613,15,5.300494537105076
A:319,A:321,140.599239132785,26,5.407663043568653
A:439,A:440,165.75097765447114,37,4.479756152823544
A:440,A:442,183.92895356342245,33,5.5736046534370445
A:474,A:476,157.28243308147563,28,5.617229752909844
A:353,A:535,137.06048920326475,23,5.959151704489772
A:523,A:524,142.13372913181217,31,4.584959004252005
A:300,A:301,209.51731945908392,45,4.655940432424087
A:479,A:496,81.64511647896191,13,6.280393575304762
A:366,A:375,56.874190797047596,9,6.3193545330052885
A:304,A:306,169.93261691474572,31,5.4816973198305075
A:385,A:456,151.64204130245702,26,5.832386203940654
A:391,A:443,69.28443923648749,11,6.298585385135226
A:416,A:420,108.1733022004557,19,5.693331694760826
A:323,A:324,151.96846192449902,34,4.469660644838207
A:401,A:412,121.99212139392804,24,5.083005058080335
A:447,A:484,345.71225887738944,60,5.761870981289824
A:413,A:429,143.46244569831248,26,5.517786373012019
A:511,A:512,237.57721967296942,48,4.949525409853529
A:322,A:407,240.29011725589143,41,5.8607345672168645
A:325,A:350,68.01457366772127,11,6.1831430607019335
A:432,A:435,280.2857346630663,55,5.0961042666012055
A:341,A:342,223.01099013022431,46,4.848065002830963
A:443,A:495,110.6763802682575,19,5.825072645697763
A:495,A:499,263.9354706555737,50,5.278709413111474
A:387,A:391,208.1802160636206,39,5.337954258041554
A:451,A:452,185.8445601491329,40,4.646114003728322
A:431,A:509,89.30759183531441,16,5.581724489707151
A:438,A:502,186.82248469282797,32,5.838202646650874
A:383,A:385,158.514903884233,29,5.466031168421828
A:494,A:495,136.45562828635107,31,4.401794460850034
A:455,A:457,155.6183029013178,28,5.557796532189921
A:322,A:352,124.50624447127672,22,5.659374748694396
A:350,A:352,177.082375433048,32,5.53382423228275
A:348,A:405,151.573314608721,27,5.613826466989667
A:390,A:391,380.78693830310937,75,5.077159177374791
A:377,A:458,152.40597770641298,25,6.096239108256519
A:459,A:471,219.96100690068238,38,5.788447550017957
A:480,A:481,158.76825377710693,35,4.536235822203055
A:533,A:535,165.0440512613148,30,5.50146837537716
A:507,A:508,167.0794971779411,37,4.5156620858903
A:385,A:452,208.0439504898544,35,5.944112871138698
A:411,A:416,152.25635140690096,26,5.856013515650037
A:369,A:466,226.16739277812434,38,5.951773494161166
A:438,A:440,154.51537492318457,29,5.328116376661537
A:445,A:446,446.45333246952157,89,5.016329578309231
A:470,A:472,110.18038986151956,21,5.246685231500932
A:484,A:489,330.94352157524094,56,5.909705742415016
A:368,A:469,162.1696847961923,30,5.405656159873077
A:481,A:483,165.70262095657736,30,5.523420698552579
A:325,A:328,201.39878832459033,36,5.5944107867941755
A:521,A:536,87.77012111563543,14,6.269294365402531
A:488,A:489,404.87976600486434,81,4.998515629689683
A:361,A:366,262.2792439493174,46,5.701722694550378
A:521,A:533,216.8477602867623,38,5.706520007546376
A:343,A:346,108.8730347043343,23,4.733610204536274
A:378,A:381,212.62895780214234,39,5.452024559029291
A:383,A:506,50.78659760995964,8,6.348324701244955
A:381,A:507,74.35823026072369,12,6.196519188393641
A:504,A:505,268.8447365848649,54,4.978606233053053
A:531,A:533,173.70678144522398,32,5.428336920163249
A:412,A:416,145.31336201051278,25,5.812534480420511
A:430,A:512,102.81266094983349,17,6.047803585284322
A:344,A:348,242.80251440186015,45,5.395611431152448
A:496,A:499,270.8111378484654,49,5.526757915274804
A:432,A:434,165.5602827133414,30,5.518676090444713
A:352,A:356,188.15599081620906,36,5.226555300450252
A:412,A:413,253.02389341210423,53,4.774035724756684
A:475,A:477,143.59631483172456,26,5.52293518583556
A:461,A:464,203.5500765704661,38,5.356580962380687
A:301,A:302,227.85100346267646,52,4.381750066589932
A:348,A:349,133.8058729449335,31,4.316318482094629
A:355,A:356,223.18299521758797,47,4.748574366331659
A:341,A:419,172.4939732090191,31,5.564321716419971
A:524,A:526,135.49911248910655,24,5.645796353712773
A:342,A:525,242.3465080868199,42,5.770154954448093
A:453,A:456,305.13298193498736,54,5.65061077657384
A:464,A:470,99.86007477070751,18,5.547781931705973
A:386,A:389,230.42576761688477,42,5.486327800402019
A:309,A:311,150.89595563705302,28,5.3891412727518935
A:429,A:431,126.22619117547922,24,5.259424632311634
A:361,A:362,251.5237220281404,53,4.745730604304536
A:393,A:406,221.32686496809293,43,5.147136394606813
A:363,A:365,136.00104844268552,24,5.666710351778563
A:498,A:501,213.19389509657947,40,5.329847377414486
A:426,A:429,184.38156261371316,35,5.26804464610609
A:302,A:483,183.71161895565638,32,5.740988092364262
A:467,A:470,390.95801545020595,69,5.666058194930521
A:380,A:384,161.36586202295106,28,5.763066500819681
A:433,A:437,89.5559259876762,17,5.267995646333894
A:370,A:372,237.5600725868768,42,5.6561922044494475
A:366,A:369,366.330902623721,67,5.4676254122943435
A:405,A:408,135.56623965706282,26,5.214086140656263
A:307,A:311,102.23965004004661,18,5.679980557780367
A:342,A:344,164.35365195195314,30,5.478455065065105
A:519,A:521,189.5822974183411,34,5.575949924068857
A:302,A:304,194.00441975504353,35,5.542983421572672
A:422,A:424,117.1492615780239,22,5.324966435364723
A:414,A:417,137.4397584879831,27,5.0903614254808565
A:522,A:524,93.35860572403128,17,5.491682689648899
A:351,A:353,164.714296343757,30,5.490476544791901
A:485,A:488,185.84961585829484,33,5.63180654116045
A:353,A:386,167.6502163973753,31,5.408071496689526
A:502,A:503,244.77557884974863,50,4.895511576994973
A:376,A:461,159.64499926591273,28,5.701607116639741
A:323,A:409,80.50350549850776,13,6.192577346039059
A:394,A:403,192.20859917872423,35,5.491674262249264
A:392,A:394,208.16694525840006,37,5.626133655632434
A:503,A:505,194.04297325429766,35,5.54408495012279
A:459,A:467,200.75879890193775,35,5.735965682912507
A:517,A:518,227.80305400665944,46,4.952240304492596
A:466,A:469,278.01063160519607,54,5.148345029725853
A:446,A:484,403.76186759311435,76,5.312656152540979
A:306,A:307,270.63600698935,55,4.920654672533637
A:485,A:496,247.52053735229174,43,5.756291566332366
A:415,A:417,116.87220332194313,21,5.565343015330625
A:453,A:477,160.27878072744875,28,5.724242168837455
A:459,A:460,232.10063825801424,49,4.736747719551311
A:386,A:388,136.86745157591884,25,5.474698063036754
A:311,A:363,154.78540943999988,29,5.3374279117241334
A:354,A:530,135.13307212152085,22,6.142412369160039
A:385,A:389,147.1660008152927,27,5.450592622788618
A:424,A:516,305.1936377307479,56,5.44988638804907
A:316,A:318,192.74610063343076,34,5.669002959806787
A:413,A:418,61.55278605232675,10,6.155278605232676
A:433,A:436,126.24543341306173,25,5.0498173365224694
A:353,A:357,146.1118006757852,27,5.41154817317723
A:365,A:457,250.60768306916935,44,5.69562916066294
A:417,A:428,95.11021775199795,16,5.944388609499872
A:386,A:390,141.09873429541173,25,5.643949371816469
A:393,A:396,211.83368254938347,38,5.574570593404828
A:504,A:507,188.11212322012722,35,5.374632092003635
A:380,A:458,145.92657184608322,25,5.837062873843329
A:457,A:458,185.96622913559315,39,4.7683648496305935
A:505,A:509,166.4762126046876,31,5.370200406602826
A:434,A:509,74.45173402290038,13,5.72705646330003
A:429,A:430,285.53846470509944,57,5.0094467492122705
A:448,A:451,286.2200382794238,51,5.612157613322036
A:356,A:358,152.28103778718148,28,5.4386084923993385
A:437,A:502,141.75591748629463,23,6.16330076027368
A:536,A:537,298.5341464750692,60,4.97556910791782
A:447,A:451,167.22480562741745,31,5.394348568626369
A:397,A:398,135.7886110111541,30,4.526287033705136
A:369,A:370,229.74558499414678,48,4.786366354044724
A:326,A:351,159.42391960602433,26,6.13168921561632
A:405,A:407,260.4898080859553,48,5.426871001790736
A:388,A:392,173.93457142873658,31,5.610792626733438
A:311,A:367,47.18047017452315,8,5.897558771815394
A:365,A:367,243.40661971889222,44,5.531968629974823
A:534,A:538,76.55884058176827,14,5.468488612983448
A:399,A:439,106.80703463628572,20,5.340351731814286
A:439,A:442,145.55696609020632,27,5.390998744081715
A:378,A:380,171.57389255545934,31,5.534641695337398
A:529,A:530,273.88010914092257,59,4.64203574815123
A:366,A:456,197.65864495617635,36,5.490517915449343
A:352,A:354,182.18440236492717,33,5.520739465603853
A:303,A:306,278.8575324136797,52,5.362644854109225
A:444,A:484,206.83815124370548,38,5.443109243255408
A:424,A:427,278.98510340186283,52,5.365098142343516
A:322,A:323,216.5409997420652,45,4.8120222164903375
A:466,A:468,292.8460251269727,54,5.423074539388383
A:442,A:492,184.66384183012002,33,5.595873994852122
A:510,A:512,184.8027013381708,33,5.600081858732449
A:420,A:425,162.34722185954496,31,5.237007156759515
A:304,A:308,230.66862669971468,43,5.364386667435225
A:376,A:463,169.35540735811733,31,5.4630776567134625
A:512,A:513,154.15956553754518,34,4.534104868751329
A:425,A:429,155.56475799389935,29,5.364301999789633
A:340,A:341,183.3943842928863,41,4.473033763241129
A:511,A:514,342.0092125293785,61,5.606708402120959
A:307,A:308,250.04134397766862,51,4.902771450542522
A:371,A:374,292.879407157194,57,5.138235213284106
A:344,A:405,69.29019101325245,11,6.299108273932041
A:359,A:363,286.26012862927377,54,5.301113493134699
A:474,A:477,203.18622850090821,36,5.644061902803006
A:377,A:470,83.15957905031915,15,5.543971936687943
A:388,A:389,239.72761311890176,49,4.892400267732689
A:512,A:516,120.23990335727049,22,5.465450152603204
A:308,A:310,157.597742848656,29,5.434404925815724
A:470,A:471,205.39874399139507,43,4.7767149765440715
A:471,A:472,126.37423369055978,29,4.357732196226199
A:375,A:376,218.68176418338481,45,4.859594759630774
A:373,A:377,183.69708429638598,33,5.566578312011696
A:317,A:319,140.20117671957394,26,5.392352950752843
A:438,A:439,193.0440981586629,41,4.708392638016169
A:301,A:446,183.13302681315275,32,5.7229070879110235
A:526,A:529,105.62426912078399,18,5.868014951154667
A:394,A:439,146.05090021573238,27,5.409292600582681
A:369,A:371,117.63621124785101,20,5.88181056239255
A:421,A:422,76.71689760737682,20,3.835844880368841
A:347,A:527,138.20738869263928,23,6.009016899679969
A:324,A:327,115.04988603261675,23,5.002168957939859
A:341,A:343,110.48739063747419,21,5.261304316070199
A:468,A:472,69.48573834727175,13,5.3450567959439805
A:393,A:398,81.44631987982248,14,5.817594277130177
A:357,A:531,66.51931092709005,11,6.0472100842809136
A:487,A:489,167.55005820012357,29,5.777588213797364
A:303,A:305,179.84117188300436,32,5.620036621343886
A:313,A:359,238.60357112913775,41,5.819599295832628
A:453,A:474,86.62609916031482,14,6.187578511451059
A:513,A:517,151.8318118210347,29,5.235579717966714
A:479,A:480,98.69569536032608,25,3.9478278144130434
A:447,A:499,176.77344230416014,32,5.524170072005004
A:407,A:408,113.8087486774838,27,4.215138839906808
A:441,A:499,165.80704828440625,28,5.921680295871652
A:404,A:411,120.5466664689372,19,6.344561393101958
A:383,A:513,52.273856465894454,8,6.534232058236807
A:371,A:373,192.0806785206433,34,5.649431721195391
A:391,A:394,258.2326188673254,47,5.494311039730328
A:395,A:435,206.51303370985121,37,5.5814333435094925
A:458,A:459,209.79260284479366,45,4.6620578409954145
A:318,A:322,182.6867437482866,34,5.3731395220084295
A:378,A:535,86.36588065858525,15,5.757725377239017
A:372,A:375,258.919534582966,48,5.394156970478458
A:352,A:393,54.75031403938503,9,6.083368226598337
A:362,A:363,140.8914819645712,33,4.269438847411249
A:531,A:534,265.53296731721207,48,5.5319368191085845
A:401,A:413,173.60758627429195,32,5.425237071071623
A:489,A:493,60.96904953692828,10,6.096904953692828
A:305,A:309,203.9893681054385,39,5.230496618088167
A:377,A:464,117.9993861037326,21,5.619018385892029
A:339,A:341,120.83559981225773,20,6.041779990612886
A:405,A:406,220.00734817978739,45,4.889052181773053
A:320,A:324,88.05959855834143,17,5.179976385784791
A:421,A:516,81.32163968588728,13,6.255510745068252
A:449,A:452,307.15304985514985,57,5.388649997458769
A:475,A:478,198.8018191633036,38,5.231626820086937
A:514,A:535,67.21404216753315,11,6.110367469775741
A:430,A:431,160.29952290369735,35,4.579986368677067
A:508,A:509,184.01955994488043,40,4.60048899862201
A:437,A:439,163.65753072959828,30,5.455251024319943
A:374,A:379,63.74771009102325,10,6.374771009102325
A:382,A:538,131.4390869850229,22,5.974503953864677
A:376,A:377,234.5698134571499,48,4.886871113690623
A:326,A:328,127.13207379302139,24,5.297169741375892
A:348,A:409,66.38668060052672,11,6.035152781866065
A:302,A:484,209.90449540389173,37,5.673094470375452
A:506,A:509,283.8244313000438,51,5.565184927451839
A:533,A:537,265.5627331789161,48,5.532556941227419
A:488,A:490,138.54515480245772,26,5.3286598000945276
A:424,A:426,196.35273691869807,35,5.610078197677088
A:434,A:505,207.28820989895547,38,5.454952892077776
A:343,A:347,99.7337598632262,20,4.9866879931613095
A:411,A:412,219.89265946624704,47,4.678567222686107
A:368,A:374,69.11113069746189,11,6.282830063405626
A:420,A:421,72.58186530740458,20,3.629093265370229
A:502,A:506,162.35623902994428,31,5.237298033224009
A:355,A:357,172.0942744491902,31,5.551428208038394
A:482,A:486,241.13122641138318,48,5.023567216903817
A:467,A:469,146.9519700892197,27,5.442665558859989
A:388,A:451,156.3797322554927,28,5.5849904376961685
A:470,A:473,219.4469947886398,40,5.486174869715995
A:389,A:452,83.72193339821307,13,6.440148722939467
A:345,A:416,97.49816428000196,17,5.735186134117762
A:453,A:473,159.8935193348747,26,6.149750743649027
A:397,A:439,64.32606673095725,10,6.432606673095725
A:349,A:352,168.51838717719733,33,5.106617793248404
A:309,A:449,185.5541916076589,33,5.622854291141179
A:390,A:392,155.04693478594513,28,5.537390528069468
A:391,A:434,209.40332114499776,37,5.659549220135075
A:391,A:393,178.5612416123772,32,5.580038800386787
A:358,A:360,135.20052566727983,25,5.408021026691193
A:520,A:526,215.51049200471422,38,5.671328736966164
A:446,A:489,63.07431634036229,10,6.307431634036229
A:418,A:425,98.16464361256466,16,6.135290225785291
A:510,A:513,126.56384177311102,25,5.062553670924441
A:360,A:361,147.81189457562414,33,4.479148320473459
A:415,A:418,142.64296693840612,25,5.705718677536245
A:489,A:491,117.2624349479507,22,5.3301106794523045
A:459,A:461,165.51946147258803,30,5.517315382419601
A:518,A:520,158.64195684746014,29,5.470412305084833
A:514,A:518,167.99360878026738,30,5.599786959342246
A:446,A:449,173.47934828639202,32,5.421229633949751
A:314,A:317,115.64823323333725,23,5.028184053623359
A:477,A:479,132.7356033118834,25,5.309424132475336
A:505,A:507,145.91297718580205,27,5.404184340214891
A:324,A:326,157.00778784976671,28,5.607420994634525
A:319,A:323,153.3514433438104,27,5.679683086807792
A:422,A:423,151.80335019699342,35,4.337238577056955
A:464,A:465,215.93478910980315,44,4.907608843404617
A:484,A:486,167.1890667292164,30,5.57296889097388
A:420,A:424,178.83571687186375,31,5.768894092640767
A:450,A:481,189.38515202088394,34,5.570151530025998
A:315,A:317,121.17823161439455,23,5.268618765843241
A:483,A:487,152.5408104581429,28,5.447886087790818
A:465,A:467,116.77935383231937,21,5.5609216110628275
A:387,A:431,51.74178086596117,8,6.467722608245146
A:341,A:416,229.13472540053624,39,5.875249369244519
A:443,A:489,95.45578756579812,15,6.363719171053208
A:343,A:527,123.84238980548677,23,5.384451730673338
A:427,A:512,233.8370788299885,42,5.5675494959521075
A:403,A:404,230.30805575826645,48,4.798084494963884
A:338,A:339,104.03540745777224,25,4.16141629831089
A:459,A:462,71.47990335624795,12,5.956658613020662
A:454,A:477,198.04389868022076,36,5.5012194077839105
A:431,A:434,196.84163990236664,37,5.320044321685585
A:430,A:509,209.75469252693665,36,5.826519236859351
A:403,A:413,274.6476841521109,49,5.605054778614509
A:481,A:485,206.0087108445104,39,5.282274637038729
A:436,A:437,98.00514207258728,25,3.9202056829034913
A:366,A:377,199.63422047687519,34,5.871594719908094
A:356,A:386,128.4472011478706,23,5.584660919472634
A:455,A:503,121.80992561955303,21,5.800472648550144
A:425,A:430,69.3116899323757,11,6.301062721125064
A:421,A:423,131.5449819092696,24,5.481040912886233
A:369,A:377,74.8578652016804,13,5.758297323206184
A:341,A:415,102.34670295524685,18,5.685927941958159
A:308,A:477,98.86157031923959,17,5.815386489367035
A:421,A:426,57.04634507736423,9,6.338482786373803
A:309,A:312,268.1014866232125,48,5.585447637983594
A:364,A:366,146.56384806350317,27,5.428290669018636
A:473,A:475,172.02903197655698,31,5.549323612146999
A:437,A:440,137.30095828433747,28,4.903605653012052
A:380,A:455,76.90763183999302,12,6.408969319999418
A:314,A:315,144.36093511281067,32,4.511279222275333
A:378,A:456,174.2901046751247,29,6.010003609487058
A:395,A:397,146.0429808182656,25,5.8417192327306235
A:373,A:465,216.95649086698592,41,5.291621728463071
A:493,A:494,146.5669099846389,33,4.441421514686027
A:380,A:460,143.80839993279432,24,5.99201666386643
A:360,A:378,89.05359834408979,15,5.936906556272652
A:301,A:309,58.88653176802145,10,5.888653176802145
A:389,A:391,186.93263878823856,33,5.664625417825411
A:442,A:495,129.23913932552114,24,5.38496413856338
A:325,A:327,137.13407702077436,26,5.2743875777220905
A:376,A:378,137.36028282352217,25,5.494411312940887
A:356,A:360,107.71351732510811,20,5.385675866255406
A:526,A:532,67.65696394914565,11,6.150633086285968
A:459,A:475,64.86915035722538,10,6.486915035722538
A:402,A:403,200.5589711229073,44,4.55815843461153
A:530,A:532,103.31265996594094,19,5.437508419260049
A:383,A:386,211.68766419849942,40,5.292191604962485
A:360,A:367,60.50446494880983,10,6.050446494880983
A:418,A:420,126.25435091461318,24,5.260597954775549
A:485,A:499,58.85875523614834,10,5.885875523614834
A:428,A:430,191.4118889545267,34,5.6297614398390206
A:362,A:364,87.78586196110342,15,5.852390797406895
A:396,A:398,103.46344310178131,19,5.445444373777963
A:411,A:413,127.36627854812839,22,5.7893762976422
A:342,A:424,118.0691788840476,20,5.90345894420238
A:313,A:318,99.88373657635483,17,5.875513916256167
A:391,A:432,98.54563140140148,15,6.569708760093432
A:422,A:425,195.01256514103005,37,5.2706098686764875
A:349,A:353,159.35123748352387,30,5.311707916117462
A:416,A:417,160.3781609527784,36,4.454948915354955
A:377,A:379,173.26941940812188,31,5.589336109939415
A:451,A:453,171.34023360771667,31,5.527104309926345
A:490,A:492,187.85369168490382,34,5.525108578967759
A:306,A:308,178.24897107215494,32,5.570280346004842
A:476,A:478,189.02080300539572,34,5.559435382511639
A:398,A:404,154.74509050541735,25,6.189803620216694
A:454,A:458,80.2452991036097,14,5.731807078829264
A:305,A:477,64.64529515325012,10,6.464529515325012
A:499,A:503,83.46698531487101,15,5.564465687658068
A:390,A:432,164.20962052675372,28,5.864629304526919
A:452,A:454,160.66603854284864,29,5.54020822561547
A:440,A:492,45.594855036841516,8,5.699356879605189
A:312,A:445,119.02154988713386,20,5.951077494356693
A:403,A:432,107.43508106502227,18,5.9686156147234595
A:478,A:482,120.73741202792266,22,5.488064183087394
A:308,A:312,113.38812773485508,20,5.669406386742754
A:428,A:432,179.8740008670898,33,5.450727299002721
A:305,A:449,96.77158082371119,15,6.451438721580746
A:402,A:410,97.92842621050178,16,6.120526638156361
A:363,A:367,253.94254406482597,50,5.078850881296519
A:383,A:514,145.49167975239496,28,5.196131419728391
A:391,A:395,150.18770650384414,28,5.363846660851577
A:364,A:368,115.55684098127199,18,6.419824498959555
A:338,A:340,100.38101334794638,16,6.273813334246649
A:384,A:511,64.84556963733344,10,6.484556963733344
A:443,A:451,132.500936596412,24,5.5208723581838335
A:434,A:436,125.09959987226662,24,5.21248332801111
A:436,A:438,155.41466316625605,28,5.550523684509145
A:348,A:352,139.2905178661971,27,5.158908069118411
A:404,A:406,153.45918988801864,25,6.138367595520745
A:405,A:411,161.30837546725124,27,5.9743842765648605
A:383,A:387,170.01399879086958,32,5.312937462214674
A:356,A:382,99.20034648066493,16,6.200021655041558
A:481,A:500,59.488762112575685,10,5.948876211257568
A:322,A:348,157.66262970448633,26,6.063947296326398
A:480,A:485,50.82176874682452,8,6.352721093353065
A:423,A:427,198.69399668240484,37,5.370108018443374
A:368,A:370,102.66278299277965,18,5.703487944043314
A:392,A:397,95.41788403712056,15,6.3611922691413705
A:319,A:322,207.1083996464457,37,5.597524314768802
A:524,A:525,132.83649448910583,32,4.151140452784557
A:445,A:447,190.99119396712499,34,5.617388057856617
A:532,A:534,165.57384424301034,30,5.519128141433678
A:369,A:470,87.09815789989482,15,5.8065438599929875
A:314,A:318,134.59422952800585,25,5.383769181120234
A:346,A:532,129.5347261363161,23,5.631944614622439
A:397,A:399,82.62209818462128,14,5.901578441758663
A:427,A:513,107.4243007834616,20,5.37121503917308
A:496,A:498,157.68460711009274,29,5.437400245175612
A:329,A:347,55.261961510544026,9,6.140217945616003
A:388,A:443,98.2543519362194,16,6.140896996013712
A:478,A:500,110.70432648785706,19,5.8265434993608975
A:348,A:406,190.60576424183637,33,5.775932249752617
A:477,A:480,155.63072716039926,29,5.3665767986344575
A:402,A:411,146.15566004334008,27,5.413172594197781
A:360,A:374,58.621546329215505,9,6.513505147690612
A:472,A:476,134.8050829724681,26,5.184810883556466
A:308,A:450,110.10239205146233,19,5.794862739550649
A:369,A:457,86.43698569579173,15,5.762465713052782
A:483,A:485,163.50975451406373,30,5.450325150468791
A:398,A:399,78.15783073654205,20,3.9078915368271026
A:461,A:467,86.24868018484943,14,6.160620013203531
A:451,A:499,144.67805526676753,26,5.564540587183367
A:305,A:481,91.59815664791695,16,5.7248847904948095
A:394,A:405,81.22293866085136,13,6.247918358527027
A:394,A:399,99.14760166031974,16,6.1967251037699835
A:304,A:365,130.41574252669855,22,5.927988296668116
A:300,A:484,143.12677047290788,24,5.963615436371161
A:472,A:474,121.56880062214273,23,5.285600027049684
A:391,A:431,149.10492647242253,26,5.7348048643239435
A:408,A:409,119.5022394184454,28,4.267937122087336
A:324,A:328,90.13240485818176,17,5.301906168128339
A:395,A:443,194.1474019501113,33,5.883254604548827
A:379,A:382,244.42700093164103,44,5.555159112082751
A:486,A:490,162.21755058681018,29,5.593708640924489
A:449,A:450,181.33551555535053,40,4.533387888883763
A:346,A:517,93.73530723423816,15,6.249020482282544
A:326,A:344,117.1566406852959,19,6.1661389834366265
A:416,A:428,127.44292896940662,23,5.540996911713331
A:300,A:302,146.14954645220854,25,5.845981858088342
A:349,A:351,147.4469480294986,27,5.460998075166615
A:356,A:378,69.81770894639197,12,5.8181424121993315
A:319,A:408,126.4931151077225,24,5.270546462821771
A:417,A:421,49.50167606146294,8,6.187709507682867
A:394,A:432,160.91478558570796,28,5.746956628060999
A:505,A:508,130.49928769052403,25,5.219971507620961
A:420,A:422,104.39155157502144,17,6.140679504413026
A:441,A:489,71.67902908068815,12,5.973252423390679
A:361,A:367,160.00236261227607,28,5.714370093295574
A:304,A:480,117.40195317494883,20,5.870097658747442
A:391,A:506,82.22507125033981,14,5.873219375024272
A:340,A:419,51.40443065154536,8,6.42555383144317
A:495,A:497,104.96988106459561,20,5.248494053229781
A:438,A:499,107.81448535592739,18,5.9896936308848545
A:517,A:526,132.43000599071166,22,6.01954572685053
A:311,A:362,111.9918371366673,18,6.22176872981485
A:515,A:519,108.35373071588302,20,5.417686535794151
A:463,A:465,85.29400270793887,15,5.686266847195925
A:308,A:365,91.72565940574223,15,6.115043960382816
A:508,A:510,142.97164925566756,27,5.295246268728428
A:319,A:404,83.71293353010434,14,5.9794952521503095
A:351,A:355,90.52824712765877,16,5.658015445478673
A:316,A:320,83.43213539044629,16,5.214508461902893
A:457,A:471,84.70978336932029,13,6.516137182255407
A:535,A:537,173.89460738396994,32,5.434206480749061
A:497,A:501,117.52518444514949,23,5.109790628049978
A:364,A:457,65.1645871693059,11,5.92405337902781
A:452,A:457,55.83856745119386,9,6.204285272354873
A:446,A:450,111.70767871548168,21,5.319413272165794
A:390,A:431,76.42572001888188,13,5.878901539913991
A:442,A:447,92.46807514816113,16,5.779254696760071
A:359,A:366,59.29460915651214,9,6.588289906279126
A:404,A:407,76.45861244437877,12,6.371551037031565
A:441,A:447,50.33807254094148,8,6.292259067617685
A:451,A:502,50.87157066632134,8,6.3589463332901675
A:391,A:438,119.0560917766789,20,5.952804588833945
A:494,A:497,82.37701742442395,16,5.148563589026497
A:486,A:496,52.9677214361593,8,6.620965179519913
A:529,A:534,63.9774478422601,10,6.39774478422601
A:321,A:325,146.2073175851096,26,5.623358368658061
A:509,A:513,104.34064070740455,20,5.217032035370227
A:321,A:351,77.71100951407763,12,6.475917459506469
A:388,A:455,82.45573995300155,14,5.889695710928683
A:454,A:500,59.43917039564184,10,5.943917039564184
A:389,A:394,50.3315362419242,8,6.291442030240525
A:384,A:503,74.92488871674063,12,6.243740726395052
A:485,A:492,62.48456202032248,10,6.248456202032248
A:381,A:458,53.62185732394707,8,6.702732165493384
A:460,A:507,78.41756634208318,12,6.534797195173598
A:434,A:439,50.34937328076609,8,6.293671660095761
A:319,A:405,50.236082328957565,8,6.279510291119696
A:390,A:435,68.27344220913139,11,6.20667656446649
A:392,A:446,52.60215019767031,8,6.575268774708789
A:380,A:383,50.065686156526766,8,6.258210769565846
A:313,A:452,54.007895413209006,9,6.000877268134334
A:373,A:463,66.74304237644323,11,6.067549306949385
