res_index,mean_ig
300,7.981158811111112e-05
301,9.709435388888889e-05
302,0.000142756
303,0.0002706050411111111
304,0.00024129018
305,0.0002034098561111111
306,0.00018705972277777779
307,0.0002413814777777778
308,0.000105494364
309,7.184104433333333e-05
310,0.00019217520555555554
311,4.900246655555555e-05
312,0.00033282583
313,0.00011641016211111111
314,0.00010946056100000001
315,0.0003166864655555556
316,0.0001485672588888889
317,0.00032147398555555553
318,0.00011107282466666666
319,0.0007237167600000001
320,0.00013358526444444443
321,0.00020049914666666666
322,0.0002355136961111111
323,0.00024164432844444445
324,8.858590266666667e-05
325,0.0009519591522222222
326,0.00022001998888888892
327,0.00038826641555555553
328,0.00032807999999999996
329,0.000307106897
330,0.0002980101657142857
331,9.455278357142857e-05
332,0.00016238205785714286
333,0.00027597687142857144
334,0.00017203017857142858
335,0.00013754623942857143
336,0.0004310396728571428
337,0.0006878978466666667
338,0.00021680449833333336
339,0.000194896547875
340,0.00017077839999999998
341,0.0001226930782222222
342,0.0007511000144444444
343,8.148601222222222e-05
344,0.0004850308011111111
345,0.00040532683
346,7.405640644444444e-05
347,0.00027897034666666664
348,0.00012836802188888888
349,0.00014785899888888887
350,0.0003842578688888889
351,0.0006924339722222222
352,0.00012600735277777778
353,0.0003467890211111111
354,0.0007479566533333333
355,0.00017527460222222223
356,0.0003356018677777778
357,5.557770833333333e-05
358,0.00043705415
359,0.0008815794555555555
360,0.00011820655666666665
361,7.848505822222223e-05
362,8.244216977777778e-05
363,0.00016974673111111113
364,0.0001586055611111111
365,0.00016204013955555557
366,0.0004269499244444444
367,0.0002199214066666667
368,0.00023404759333333334
369,0.00029860739733333333
370,0.00021250019555555557
371,0.00010590117377777777
372,0.0002669006077777778
373,0.0004330030188888889
374,0.0005439589655555555
375,0.00011968657222222222
376,0.00029548940333333333
377,0.0002595224322222222
378,4.4557798000000003e-05
379,0.0004706875766666667
380,5.100745022222222e-05
381,9.372158166666666e-05
382,0.0008427414111111111
383,0.00019922607666666666
384,0.0010222572244444445
385,7.684402588888889e-05
386,8.791529111111112e-05
387,0.00013280168855555555
388,0.00024760487422222224
389,0.000141122564
390,0.0011952168144444444
391,0.0001586984288888889
392,0.0006832699266666667
393,0.0003792941
394,0.0001948267711111111
395,0.0001269929007777778
396,8.60026551111111e-05
397,0.00016796104222222225
398,7.726036100000001e-05
399,0.00032426986777777777
400,0.00018825354833333334
401,6.435285844444445e-05
402,0.00015714293722222223
403,0.00016987389744444446
404,0.0010189668222222222
405,0.00026553333222222226
406,0.0002011514311111111
407,0.000137851575
408,9.4981042e-05
409,0.0005835898566666667
410,0.00031796898333333334
411,0.00013436696633333333
412,0.00034683450666666665
413,0.0011841951555555555
414,0.0001530145888888889
415,0.0002074360452222222
416,0.0005828517022222223
417,6.959916466666666e-05
418,0.00012028498333333333
419,0.00040317272555555556
420,8.376691288888888e-05
421,6.914399988888889e-05
422,8.630360733333334e-05
423,0.00011764288733333333
424,0.0006461104066666667
425,0.0006267787333333334
426,0.0001563249871111111
427,0.0003482387473333333
428,0.00013857770388888888
429,0.00016683450555555554
430,0.0009531199255555556
431,0.00011367965333333334
432,0.0006467884866666666
433,0.00046356702166666663
434,0.00035588532666666666
435,0.00022933857555555555
436,8.108438911111111e-05
437,0.00023981408333333332
438,0.00015888079555555554
439,0.00030588283555555557
440,0.0001403052977777778
441,0.00022540360499999996
442,0.00017870660777777778
443,0.00078369316
444,0.00021134567555555555
445,0.00022663174444444446
446,0.00041879705444444444
447,0.00031523114888888887
448,0.0013622543444444446
449,9.242280744444445e-05
450,4.5784289333333334e-05
451,7.325336366666667e-05
452,0.00031961198333333335
453,0.0008559589277777778
454,0.0003527302288888889
455,6.886358111111112e-05
456,0.00040624187888888886
457,0.0011828104
458,0.00022504161666666667
459,0.0001732307561111111
460,0.0006677463888888889
461,0.00012540941444444444
462,0.00048354741375
463,0.000285349535
464,0.00011434007955555555
465,0.0001564777111111111
466,0.00043946517555555555
467,0.0009196696911111112
468,0.0002731134322222222
469,0.00010441603288888889
470,0.00015997461788888888
471,0.00028366195333333333
472,4.535742522222222e-05
473,8.468577511111111e-05
474,0.0008926908933333334
475,0.0006481000788888889
476,0.0005257286488888888
477,0.00010889713944444443
478,0.00028400963666666665
479,9.26817888888889e-05
480,8.446573955555556e-05
481,0.00047836143888888884
482,0.0003527496148888889
483,0.0007258377688888889
484,0.0013473676511111111
485,0.0001686757188888889
486,0.0003509281111111111
487,5.1598075555555556e-05
488,0.0006445152111111111
489,0.0009956997
490,0.00014075425733333334
491,0.00021892600555555557
492,0.0010009126944444445
493,0.0001271537817777778
494,0.00026620856555555555
495,0.00046890291555555557
496,0.001318273577777778
497,4.239294666666667e-05
498,0.00014417239666666666
499,5.813595688888889e-05
500,8.796642733333334e-05
501,6.531994377777777e-05
502,0.001482137411111111
503,6.306623244444445e-05
504,0.00012209088922222221
505,0.00032557005666666665
506,0.0002504800388888889
507,0.0007330566655555556
508,7.609851288888889e-05
509,0.00025757942555555555
510,0.00020940060333333335
511,0.00022208950822222222
512,0.0008424571988888889
513,9.454815255555555e-05
514,0.00018631574555555557
515,8.578133977777778e-05
516,0.0027254451
517,8.671841444444444e-05
518,0.0010061704188888889
519,0.001515511511111111
520,0.0004886109033333334
521,0.001074120128888889
522,6.827115266666666e-05
523,3.813239211111111e-05
524,5.3904187555555557e-05
525,0.00010011006544444445
526,0.00020723497888888888
527,0.00016444196333333333
528,0.001027707068
529,0.00036181737166666664
530,0.0002813968022222222
531,0.00011982944277777779
532,0.00014577881044444444
533,0.0002875106644444445
534,0.0003497139244444445
535,0.0006702274177777778
536,0.00026802527555555556
537,0.000347609240625
538,7.264486437499999e-05
