residue,mean_low,mean_high,delta_high_minus_low
A:520,0.00044266653755555555,0.0008430179855555555,0.00040035144799999996
A:484,0.0006132237833333333,0.0009683919144444443,0.000355168131111111
A:325,0.00044297416444444445,0.0007410582577777778,0.00029808409333333336
A:525,0.0004918638222222223,0.0007848220755555555,0.0002929582533333332
A:488,0.0007554906744444445,0.00104082695,0.00028533627555555555
A:502,0.0003162070933333333,0.0005908280311111111,0.00027462093777777785
A:494,0.00042551442666666667,0.0006376694066666665,0.0002121549799999998
A:519,0.0005000103966666667,0.0007066714733333334,0.00020666107666666674
A:426,0.0002774946673333334,0.00047499279444444446,0.00019749812711111108
A:394,0.00047385490511111107,0.0006598264611111112,0.0001859715560000001
A:475,0.00038637287222222224,0.0005664004388888889,0.00018002756666666664
A:403,0.00014769194944444443,0.0003142397722222222,0.00016654782277777778
A:510,0.00041189591266666665,0.0005728680533333334,0.0001609721406666668
A:507,0.0003068364451111111,0.0004635794366666667,0.00015674299155555557
A:404,0.00020737667888888887,0.00036341366,0.00015603698111111113
A:340,0.0002812003594444445,0.00043128134555555557,0.0001500809861111111
A:505,0.00016304977333333331,0.0003084694822222223,0.00014541970888888898
A:514,0.00019254278955555557,0.00033312517999999996,0.0001405823904444444
A:419,0.00035081977955555557,0.0004848003044444444,0.00013398052488888882
A:393,0.00016520048955555555,0.00028912506111111107,0.00012392457155555552
A:301,0.00028091885966666664,0.00040264355,0.00012172469033333339
A:511,0.00018023480222222223,0.00030089122444444444,0.00012065642222222221
A:312,0.00023831871222222223,0.00035604421222222224,0.00011772550000000001
A:414,0.0001958884213333333,0.00031248918666666666,0.00011660076533333334
A:412,0.00029970669888888893,0.0004102000022222222,0.00011049330333333325
A:399,0.0002438605777777778,0.0003529177411111111,0.00010905716333333326
A:456,0.00044306318999999994,0.0005507577744444444,0.00010769458444444442
A:444,0.000506086594,0.0006123355122222222,0.00010624891822222219
A:460,0.0002642131,0.0003670241455555556,0.0001028110455555556
A:504,0.00023645637666666665,0.0003378705488888889,0.00010141417222222227
A:382,0.0002981799852222222,0.00039844934111111114,0.00010026935588888894
A:308,0.00027881669666666667,0.00037894801999999997,0.0001001313233333333
A:319,0.00034637283222222224,0.0004452541488888888,9.888131666666657e-05
A:329,0.000284310377,0.00038183206333333334,9.752168633333336e-05
A:478,0.00035767402444444445,0.0004548964800000001,9.722245555555563e-05
A:469,0.00022594136333333332,0.0003226883393333333,9.674697599999999e-05
A:406,0.00015365182444444442,0.0002482977622222222,9.46459377777778e-05
A:441,0.00029795956155555557,0.0003918848988888889,9.392533733333332e-05
A:362,0.00015638988733333333,0.00024600602777777775,8.961614044444442e-05
A:351,0.0003713211833333333,0.0004588630633333334,8.754188000000012e-05
A:400,0.00022453096022222223,0.00031202016000000005,8.748919977777782e-05
A:496,0.0002731302711111111,0.00035660811555555553,8.347784444444442e-05
A:430,0.0003769553855555556,0.00046024430111111115,8.328891555555557e-05
A:374,0.0004630713788888889,0.000546175961111111,8.310458222222212e-05
A:418,0.00029369204666666664,0.0003765144188888889,8.282237222222226e-05
A:417,0.00018278454999999996,0.00026472730888888883,8.194275888888887e-05
A:370,0.0003286990437777778,0.0004102176577777778,8.151861400000003e-05
A:466,0.0002743563722222222,0.00035219998444444445,7.784361222222227e-05
A:495,0.00031237142777777775,0.00038632603333333337,7.395460555555561e-05
A:432,0.00046630184777777785,0.0005398164133333334,7.351456555555557e-05
A:447,0.00018934959555555556,0.0002621816922222222,7.283209666666664e-05
A:310,0.0002491289127777778,0.0003211815522222222,7.205263944444441e-05
A:379,0.0002968959682222222,0.0003643002933333333,6.740432511111107e-05
A:337,0.00038095790333333334,0.0004472228344444444,6.626493111111108e-05
A:435,0.00030053937888888885,0.00036654962666666667,6.601024777777781e-05
A:433,0.00027378315777777776,0.0003397142588888889,6.593110111111116e-05
A:498,0.0002830733555555556,0.00034880272888888886,6.572937333333326e-05
A:522,0.0004459662066666667,0.0005113949911111112,6.542878444444454e-05
A:360,0.0003181047555555556,0.00038182668444444447,6.372192888888886e-05
A:315,0.00021669369777777776,0.0002798765477777778,6.318285000000005e-05
A:355,0.0002411250844444444,0.0003042158177777778,6.309073333333337e-05
A:334,0.00022559932866666668,0.0002884651677777778,6.286583911111111e-05
A:492,0.00029512883333333335,0.00035728197888888893,6.215314555555558e-05
A:373,0.0003699170633333333,0.00043089072111111116,6.097365777777786e-05
A:410,0.0002272166035555556,0.00028794431555555553,6.072771199999992e-05
A:453,0.00016045753111111112,0.00022075503111111113,6.029750000000002e-05
A:508,0.00016355375444444446,0.00022340086333333335,5.98471088888889e-05
A:533,0.00026821034333333334,0.0003247905611111111,5.6580217777777776e-05
A:409,0.0002684900322222222,0.00032361703222222223,5.512700000000003e-05
A:493,0.00014386396777777777,0.00019483992555555552,5.097595777777775e-05
A:420,0.00021140897,0.00026168235333333336,5.027338333333335e-05
A:376,0.00032854280111111107,0.0003786014588888889,5.0058657777777844e-05
A:349,0.00016866189966666665,0.0002180843577777778,4.942245811111114e-05
A:530,0.0003390624033333333,0.00038807186844444443,4.9009465111111115e-05
A:500,0.0002514280822222222,0.00030042748666666663,4.899940444444444e-05
A:521,0.00016867623,0.00021615145444444446,4.747522444444445e-05
A:342,0.00015228721911111112,0.0001992902888888889,4.700306977777779e-05
A:339,0.0001276031011111111,0.00017429815333333334,4.669505222222223e-05
A:501,0.00018615938666666665,0.00023078621999999998,4.462683333333333e-05
A:464,0.00019937362111111111,0.0002438496318888889,4.4476010777777785e-05
A:407,0.0001914199322222222,0.0002339254177777778,4.250548555555559e-05
A:387,0.00020528656999999997,0.0002476681133333333,4.238154333333335e-05
A:402,0.00027732676888888886,0.0003196896333333333,4.2362864444444464e-05
A:451,0.00015591524177777777,0.00019753674222222224,4.162150044444447e-05
A:359,0.0002666932195555555,0.00030575601555555556,3.9062796000000045e-05
A:378,0.0003243347022222222,0.00036332126222222223,3.898656000000001e-05
A:437,0.00019882047333333333,0.00023775958666666665,3.893911333333332e-05
A:384,0.00039002812911111107,0.00042571529777777776,3.568716866666669e-05
A:482,0.00033389960000000007,0.00036919505,3.529544999999996e-05
A:467,0.00022605785833333336,0.00026039366333333334,3.4335804999999984e-05
A:306,0.00016182293999999998,0.0001957995961111111,3.397665611111112e-05
A:526,0.0003319384511111111,0.00036506591555555555,3.3127464444444475e-05
A:474,0.00042054304066666665,0.0004530033688888889,3.246032822222224e-05
A:490,0.00024347852044444445,0.00027568065999999995,3.220213955555551e-05
A:321,0.0002161139277777778,0.0002469923266666667,3.087839888888893e-05
A:506,7.515580022222222e-05,0.0001058172028888889,3.0661402666666676e-05
A:415,0.00022498581444444445,0.00025557369222222224,3.058787777777779e-05
A:377,0.00028627162777777773,0.00031502107999999997,2.874945222222224e-05
A:458,0.00026598194,0.0002936190977777778,2.7637157777777774e-05
A:327,0.0003071778581111111,0.00033381863666666665,2.6640778555555558e-05
A:471,0.00033536754688888893,0.0003593064211111111,2.393887422222216e-05
A:389,0.0002562580188888889,0.00027998708222222224,2.3729063333333318e-05
A:497,0.00010406122800000002,0.00012761994444444446,2.355871644444444e-05
A:532,0.00018065393266666668,0.00020413844666666666,2.3484513999999973e-05
A:535,0.000175995214,0.0001992104788888889,2.3215264888888887e-05
A:423,0.0002114040522222222,0.00023393683444444447,2.2532782222222265e-05
A:468,0.00040344853555555557,0.00042548699555555557,2.203846e-05
A:429,0.00032031598000000004,0.00034222100222222227,2.1905022222222232e-05
A:366,0.00017353903444444445,0.0001953731366666667,2.183410222222223e-05
A:383,0.00023595051555555554,0.00025576625,1.9815734444444483e-05
A:323,0.00018781932744444443,0.0002067095677777778,1.889024033333337e-05
A:440,0.00042192200777777775,0.0004405062322222222,1.858422444444446e-05
A:537,0.0004301742144444444,0.00044731980555555553,1.7145591111111108e-05
A:313,0.0002481047177777778,0.0002642429522222222,1.613823444444445e-05
A:369,0.00023528403888888887,0.00025065904555555556,1.5375006666666684e-05
A:524,0.00011190164955555555,0.000126595095,1.4693445444444436e-05
A:375,0.00018246618333333335,0.00019702783555555555,1.4561652222222206e-05
A:365,0.00017939778111111113,0.00019293331000000004,1.3535528888888914e-05
A:305,0.00017209637733333333,0.00018472351511111113,1.2627137777777793e-05
A:336,0.00033862821888888884,0.0003505003166666667,1.1872097777777856e-05
A:392,0.0003414309238888889,0.00034980639666666667,8.375472777777783e-06
A:304,0.00018279515100000002,0.0001910895126666667,8.294361666666666e-06
A:322,0.00021657673155555556,0.00022440156,7.824828444444445e-06
A:479,0.0002728230377777778,0.00028043670444444446,7.613666666666651e-06
A:354,0.00016142550955555555,0.00016882392333333331,7.3984137777777606e-06
A:352,0.00010634896111111111,0.00011126448111111111,4.915519999999999e-06
A:345,0.000204986593,0.00020888827000000002,3.9016770000000075e-06
A:459,0.00032148096444444446,0.00032487426155555554,3.393297111111077e-06
A:431,0.00014910012055555555,0.00015153646644444445,2.436345888888903e-06
A:324,0.00017216701488888888,0.00017435500333333335,2.1879884444444696e-06
A:509,0.00013033989555555554,0.000132229624,1.8897284444444756e-06
A:386,0.00024641101777777777,0.00024745400777777775,1.0429899999999824e-06
A:443,0.0002872076688888889,0.0002881910888888889,9.8342000000003e-07
A:476,0.0004839118977777778,0.000484536488888889,6.245911111111896e-07
A:361,0.0001635420238888889,0.00016193084666666664,-1.6111772222222442e-06
A:472,0.00013000098188888887,0.00012794820488888888,-2.0527769999999852e-06
A:286,2.721371111111111e-06,0.0,-2.721371111111111e-06
A:235,2.7366754444444444e-06,0.0,-2.7366754444444444e-06
A:236,2.738997111111111e-06,0.0,-2.738997111111111e-06
A:245,3.2998695555555555e-06,0.0,-3.2998695555555555e-06
A:217,3.4270628888888885e-06,0.0,-3.4270628888888885e-06
A:152,3.6381793333333334e-06,0.0,-3.6381793333333334e-06
A:159,3.7733088888888887e-06,0.0,-3.7733088888888887e-06
A:156,3.995966444444444e-06,0.0,-3.995966444444444e-06
A:225,4.160842888888889e-06,0.0,-4.160842888888889e-06
A:397,0.0002690873966666667,0.00026488442999999997,-4.202966666666714e-06
A:252,4.244234222222222e-06,0.0,-4.244234222222222e-06
A:160,4.349040333333334e-06,0.0,-4.349040333333334e-06
A:201,4.362843666666666e-06,0.0,-4.362843666666666e-06
A:157,4.434958888888889e-06,0.0,-4.434958888888889e-06
A:289,4.558824777777778e-06,0.0,-4.558824777777778e-06
A:166,4.7410011111111116e-06,0.0,-4.7410011111111116e-06
A:248,4.82477e-06,0.0,-4.82477e-06
A:563,4.829176666666667e-06,0.0,-4.829176666666667e-06
A:356,0.00021904307266666664,0.0002141731011111111,-4.869971555555527e-06
A:190,4.897302e-06,0.0,-4.897302e-06
A:205,4.911331666666667e-06,0.0,-4.911331666666667e-06
A:372,0.0003274181322222222,0.0003224952466666667,-4.922885555555512e-06
A:181,5.241065111111111e-06,0.0,-5.241065111111111e-06
A:214,5.481074666666667e-06,0.0,-5.481074666666667e-06
A:162,5.489296111111111e-06,0.0,-5.489296111111111e-06
A:207,5.537805555555556e-06,0.0,-5.537805555555556e-06
A:210,5.637764888888889e-06,0.0,-5.637764888888889e-06
A:244,5.651579444444445e-06,0.0,-5.651579444444445e-06
A:581,5.651781111111111e-06,0.0,-5.651781111111111e-06
A:171,5.714702888888889e-06,0.0,-5.714702888888889e-06
A:212,5.883655555555555e-06,0.0,-5.883655555555555e-06
A:173,6.117637333333333e-06,0.0,-6.117637333333333e-06
A:227,6.296001111111111e-06,0.0,-6.296001111111111e-06
A:543,6.401227444444445e-06,0.0,-6.401227444444445e-06
A:151,6.466975555555556e-06,0.0,-6.466975555555556e-06
A:216,6.467397e-06,0.0,-6.467397e-06
A:381,0.00016618024933333332,0.00015960892888888892,-6.571320444444392e-06
A:572,6.650055888888889e-06,0.0,-6.650055888888889e-06
A:174,6.652801777777778e-06,0.0,-6.652801777777778e-06
A:249,6.6926497777777776e-06,0.0,-6.6926497777777776e-06
A:221,6.736387111111111e-06,0.0,-6.736387111111111e-06
A:575,7.0023961111111104e-06,0.0,-7.0023961111111104e-06
A:168,7.329678444444444e-06,0.0,-7.329678444444444e-06
A:187,7.372338222222222e-06,0.0,-7.372338222222222e-06
A:586,7.639285555555555e-06,0.0,-7.639285555555555e-06
A:302,0.00024423160666666664,0.00023658000555555557,-7.651601111111067e-06
A:195,7.758736e-06,0.0,-7.758736e-06
A:241,7.824954444444445e-06,0.0,-7.824954444444445e-06
A:175,7.83461888888889e-06,0.0,-7.83461888888889e-06
A:607,7.871481111111111e-06,0.0,-7.871481111111111e-06
A:480,0.00023018672155555555,0.00022222402555555553,-7.962696000000013e-06
A:180,8.05975888888889e-06,0.0,-8.05975888888889e-06
A:450,0.00017247686988888886,0.00016427064222222223,-8.206227666666629e-06
A:585,8.22315711111111e-06,0.0,-8.22315711111111e-06
A:150,8.300793333333333e-06,0.0,-8.300793333333333e-06
A:218,8.34124e-06,0.0,-8.34124e-06
A:649,8.448923333333334e-06,0.0,-8.448923333333334e-06
A:592,8.589682222222224e-06,0.0,-8.589682222222224e-06
A:247,8.594385555555555e-06,0.0,-8.594385555555555e-06
A:650,8.67981e-06,0.0,-8.67981e-06
A:239,8.84128e-06,0.0,-8.84128e-06
A:609,8.997104444444444e-06,0.0,-8.997104444444444e-06
A:616,9.021270666666665e-06,0.0,-9.021270666666665e-06
A:573,9.024247333333332e-06,0.0,-9.024247333333332e-06
A:192,9.061964444444444e-06,0.0,-9.061964444444444e-06
A:588,9.068272222222222e-06,0.0,-9.068272222222222e-06
A:178,9.2842e-06,0.0,-9.2842e-06
A:593,9.33499888888889e-06,0.0,-9.33499888888889e-06
A:288,9.34828288888889e-06,0.0,-9.34828288888889e-06
A:199,9.38613888888889e-06,0.0,-9.38613888888889e-06
A:652,9.465466666666666e-06,0.0,-9.465466666666666e-06
A:622,9.535894444444443e-06,0.0,-9.535894444444443e-06
A:640,9.615708333333333e-06,0.0,-9.615708333333333e-06
A:347,0.0003008809791111111,0.0002912139422222222,-9.667036888888903e-06
A:167,9.768256666666665e-06,0.0,-9.768256666666665e-06
A:215,9.844406222222223e-06,0.0,-9.844406222222223e-06
A:661,9.941353333333334e-06,0.0,-9.941353333333334e-06
A:165,1.0189397777777778e-05,0.0,-1.0189397777777778e-05
A:213,1.0279536e-05,0.0,-1.0279536e-05
A:189,1.0322803333333334e-05,0.0,-1.0322803333333334e-05
A:619,1.0344463333333333e-05,0.0,-1.0344463333333333e-05
A:635,1.0381604444444445e-05,0.0,-1.0381604444444445e-05
A:204,1.0464107777777778e-05,0.0,-1.0464107777777778e-05
A:240,1.0475996666666668e-05,0.0,-1.0475996666666668e-05
A:211,1.047730888888889e-05,0.0,-1.047730888888889e-05
A:357,0.00011912400277777778,0.0001085943471111111,-1.0529655666666679e-05
A:208,1.0581630555555557e-05,0.0,-1.0581630555555557e-05
A:628,1.0587319444444443e-05,0.0,-1.0587319444444443e-05
A:411,0.00022748177555555554,0.00021684702222222218,-1.0634753333333357e-05
A:598,1.0649193333333334e-05,0.0,-1.0649193333333334e-05
A:596,1.0673489444444444e-05,0.0,-1.0673489444444444e-05
A:238,1.0684056666666667e-05,0.0,-1.0684056666666667e-05
A:561,1.0684197777777777e-05,0.0,-1.0684197777777777e-05
A:655,1.0712283333333334e-05,0.0,-1.0712283333333334e-05
A:291,1.086043888888889e-05,0.0,-1.086043888888889e-05
A:182,1.0862063333333332e-05,0.0,-1.0862063333333332e-05
A:222,1.0873194444444443e-05,0.0,-1.0873194444444443e-05
A:574,1.0954077777777778e-05,0.0,-1.0954077777777778e-05
A:158,1.1053125555555555e-05,0.0,-1.1053125555555555e-05
A:148,1.112602488888889e-05,0.0,-1.112602488888889e-05
A:503,0.00020845161277777778,0.00019730054444444441,-1.1151068333333365e-05
A:569,1.1170939444444445e-05,0.0,-1.1170939444444445e-05
A:164,1.1183130666666666e-05,0.0,-1.1183130666666666e-05
A:331,0.0002678528533333333,0.00025665493222222225,-1.1197921111111059e-05
A:610,1.1351010000000001e-05,0.0,-1.1351010000000001e-05
A:169,1.1486288888888888e-05,0.0,-1.1486288888888888e-05
A:154,1.1511175555555555e-05,0.0,-1.1511175555555555e-05
A:580,1.1547472222222222e-05,0.0,-1.1547472222222222e-05
A:615,1.1656339555555555e-05,0.0,-1.1656339555555555e-05
A:200,1.1751344444444444e-05,0.0,-1.1751344444444444e-05
A:228,1.1780624444444445e-05,0.0,-1.1780624444444445e-05
A:421,0.00015346099666666666,0.00014149711888888886,-1.1963877777777798e-05
A:197,1.1969973333333333e-05,0.0,-1.1969973333333333e-05
A:590,1.2090462222222223e-05,0.0,-1.2090462222222223e-05
A:194,1.2106349444444444e-05,0.0,-1.2106349444444444e-05
A:224,1.2124893333333334e-05,0.0,-1.2124893333333334e-05
A:149,1.2252018888888889e-05,0.0,-1.2252018888888889e-05
A:547,1.2328105555555556e-05,0.0,-1.2328105555555556e-05
A:185,1.2358312666666667e-05,0.0,-1.2358312666666667e-05
A:531,0.00018776703955555556,0.00017538242844444444,-1.2384611111111119e-05
A:587,1.2438726666666667e-05,0.0,-1.2438726666666667e-05
A:564,1.256411888888889e-05,0.0,-1.256411888888889e-05
A:576,1.2632314444444445e-05,0.0,-1.2632314444444445e-05
A:614,1.2679576666666667e-05,0.0,-1.2679576666666667e-05
A:542,1.269491111111111e-05,0.0,-1.269491111111111e-05
A:170,1.2709684000000001e-05,0.0,-1.2709684000000001e-05
A:203,1.272262888888889e-05,0.0,-1.272262888888889e-05
A:183,1.302747e-05,0.0,-1.302747e-05
A:643,1.3230616666666667e-05,0.0,-1.3230616666666667e-05
A:657,1.3261035555555555e-05,0.0,-1.3261035555555555e-05
A:481,0.0001925948311111111,0.00017926064333333334,-1.3334187777777748e-05
A:202,1.3564444444444444e-05,0.0,-1.3564444444444444e-05
A:198,1.3571255555555556e-05,0.0,-1.3571255555555556e-05
A:637,1.3610988888888888e-05,0.0,-1.3610988888888888e-05
A:332,0.0003968418466666666,0.00038319879222222224,-1.3643054444444373e-05
A:621,1.3676156666666667e-05,0.0,-1.3676156666666667e-05
A:191,1.372011e-05,0.0,-1.372011e-05
A:602,1.3801857777777777e-05,0.0,-1.3801857777777777e-05
A:439,0.00012488173677777778,0.00011104533344444445,-1.3836403333333333e-05
A:229,1.3904293333333332e-05,0.0,-1.3904293333333332e-05
A:612,1.3968156666666665e-05,0.0,-1.3968156666666665e-05
A:193,1.4025912222222223e-05,0.0,-1.4025912222222223e-05
A:647,1.402660888888889e-05,0.0,-1.402660888888889e-05
A:285,1.4034902222222222e-05,0.0,-1.4034902222222222e-05
A:290,1.4153606666666667e-05,0.0,-1.4153606666666667e-05
A:233,1.4178237777777779e-05,0.0,-1.4178237777777779e-05
A:226,1.4225572222222223e-05,0.0,-1.4225572222222223e-05
A:546,1.4292428888888888e-05,0.0,-1.4292428888888888e-05
A:206,1.4296506666666667e-05,0.0,-1.4296506666666667e-05
A:232,1.434311111111111e-05,0.0,-1.434311111111111e-05
A:540,1.4369197777777776e-05,0.0,-1.4369197777777776e-05
A:163,1.4475316666666667e-05,0.0,-1.4475316666666667e-05
A:630,1.4587318888888888e-05,0.0,-1.4587318888888888e-05
A:242,1.467044888888889e-05,0.0,-1.467044888888889e-05
A:570,1.4672725555555555e-05,0.0,-1.4672725555555555e-05
A:591,1.4839533333333333e-05,0.0,-1.4839533333333333e-05
A:567,1.4964863333333335e-05,0.0,-1.4964863333333335e-05
A:196,1.496803e-05,0.0,-1.496803e-05
A:231,1.5061037777777777e-05,0.0,-1.5061037777777777e-05
A:560,1.5152816666666667e-05,0.0,-1.5152816666666667e-05
A:627,1.5188545555555556e-05,0.0,-1.5188545555555556e-05
A:477,0.0001428591815555556,0.0001276572482222222,-1.5201933333333395e-05
A:318,0.00022134828444444443,0.00020591638555555555,-1.5431898888888882e-05
A:177,1.5595276666666667e-05,0.0,-1.5595276666666667e-05
A:179,1.5728002222222222e-05,0.0,-1.5728002222222222e-05
A:172,1.5834365555555557e-05,0.0,-1.5834365555555557e-05
A:234,1.5881193333333334e-05,0.0,-1.5881193333333334e-05
A:188,1.5909214444444444e-05,0.0,-1.5909214444444444e-05
A:606,1.5931455555555556e-05,0.0,-1.5931455555555556e-05
A:184,1.5998425555555555e-05,0.0,-1.5998425555555555e-05
A:292,1.604325e-05,0.0,-1.604325e-05
A:344,0.000280041717,0.00026395494833333336,-1.608676866666662e-05
A:600,1.6107297777777778e-05,0.0,-1.6107297777777778e-05
A:253,1.6176716888888888e-05,0.0,-1.6176716888888888e-05
A:251,1.6211471111111112e-05,0.0,-1.6211471111111112e-05
A:544,1.6248576666666666e-05,0.0,-1.6248576666666666e-05
A:604,1.642552111111111e-05,0.0,-1.642552111111111e-05
A:161,1.6432725555555555e-05,0.0,-1.6432725555555555e-05
A:577,1.649847666666667e-05,0.0,-1.649847666666667e-05
A:309,0.000162589373,0.00014556066933333332,-1.7028703666666697e-05
A:562,1.7123771111111113e-05,0.0,-1.7123771111111113e-05
A:559,1.7195406666666667e-05,0.0,-1.7195406666666667e-05
A:633,1.747091111111111e-05,0.0,-1.747091111111111e-05
A:634,1.7550641111111112e-05,0.0,-1.7550641111111112e-05
A:548,1.7819441111111112e-05,0.0,-1.7819441111111112e-05
A:455,8.814718633333333e-05,7.009935411111111e-05,-1.804783222222222e-05
A:219,1.8277024444444446e-05,0.0,-1.8277024444444446e-05
A:243,1.8280327777777777e-05,0.0,-1.8280327777777777e-05
A:660,1.8654326666666666e-05,0.0,-1.8654326666666666e-05
A:487,0.00020400109055555558,0.00018526870999999997,-1.873238055555561e-05
A:250,1.877407222222222e-05,0.0,-1.877407222222222e-05
A:631,1.8923976666666668e-05,0.0,-1.8923976666666668e-05
A:656,1.902181777777778e-05,0.0,-1.902181777777778e-05
A:513,0.0001722982588888889,0.0001532735521111111,-1.9024706777777796e-05
A:646,1.9092e-05,0.0,-1.9092e-05
A:343,0.00011625690766666666,9.709903388888889e-05,-1.9157873777777773e-05
A:287,1.9248946666666667e-05,0.0,-1.9248946666666667e-05
A:277,1.9300012888888888e-05,0.0,-1.9300012888888888e-05
A:320,0.00021544848555555556,0.00019573618888888886,-1.97122966666667e-05
A:613,1.9717077777777777e-05,0.0,-1.9717077777777777e-05
A:658,1.972799222222222e-05,0.0,-1.972799222222222e-05
A:268,1.981685111111111e-05,0.0,-1.981685111111111e-05
A:265,1.9858934e-05,0.0,-1.9858934e-05
A:230,1.9926623333333333e-05,0.0,-1.9926623333333333e-05
A:583,1.9983642222222222e-05,0.0,-1.9983642222222222e-05
A:638,2e-05,0.0,-2e-05
A:401,0.00010746048833333333,8.7449611e-05,-2.0010877333333335e-05
A:246,2.0165786666666667e-05,0.0,-2.0165786666666667e-05
A:534,0.00015505241000000002,0.00013468465000000002,-2.0367760000000002e-05
A:391,8.698847077777778e-05,6.656145788888889e-05,-2.042701288888889e-05
A:446,0.00013679261722222223,0.00011625390500000002,-2.053871222222221e-05
A:617,2.054775111111111e-05,0.0,-2.054775111111111e-05
A:605,2.064452111111111e-05,0.0,-2.064452111111111e-05
A:454,0.00020141154944444442,0.0001807189433333333,-2.0692606111111114e-05
A:659,2.0754711111111112e-05,0.0,-2.0754711111111112e-05
A:578,2.0837036666666665e-05,0.0,-2.0837036666666665e-05
A:452,0.00039376202444444444,0.00037279248444444446,-2.096953999999998e-05
A:317,0.00033505386166666665,0.00031395298777777775,-2.1100873888888903e-05
A:632,2.1180314444444445e-05,0.0,-2.1180314444444445e-05
A:237,2.121574e-05,0.0,-2.121574e-05
A:603,2.1254453333333332e-05,0.0,-2.1254453333333332e-05
A:223,2.1286583333333334e-05,0.0,-2.1286583333333334e-05
A:463,0.00026366990888888886,0.0002423532022222222,-2.1316706666666655e-05
A:594,2.141002222222222e-05,0.0,-2.141002222222222e-05
A:538,0.00010836274222222222,8.678680777777778e-05,-2.157593444444444e-05
A:599,2.1642736666666667e-05,0.0,-2.1642736666666667e-05
A:618,2.185504888888889e-05,0.0,-2.185504888888889e-05
A:601,2.198794111111111e-05,0.0,-2.198794111111111e-05
A:566,2.2249207777777778e-05,0.0,-2.2249207777777778e-05
A:625,2.2274201111111113e-05,0.0,-2.2274201111111113e-05
A:499,0.00025567818888888887,0.00023291213999999998,-2.2766048888888887e-05
A:363,0.00014915851944444447,0.00012621857833333336,-2.293994111111111e-05
A:491,0.00041303658333333333,0.0003898310622222222,-2.3205521111111123e-05
A:278,2.371253888888889e-05,0.0,-2.371253888888889e-05
A:624,2.3859213333333336e-05,0.0,-2.3859213333333336e-05
A:295,2.4280010555555553e-05,0.0,-2.4280010555555553e-05
A:645,2.4358966666666665e-05,0.0,-2.4358966666666665e-05
A:636,2.4362664444444443e-05,0.0,-2.4362664444444443e-05
A:176,2.452722888888889e-05,0.0,-2.452722888888889e-05
A:155,2.4537772222222222e-05,0.0,-2.4537772222222222e-05
A:626,2.4753073333333335e-05,0.0,-2.4753073333333335e-05
A:651,2.4925054444444446e-05,0.0,-2.4925054444444446e-05
A:258,2.5425774444444444e-05,0.0,-2.5425774444444444e-05
A:582,2.5917624444444445e-05,0.0,-2.5917624444444445e-05
A:259,2.6367887777777778e-05,0.0,-2.6367887777777778e-05
A:571,2.6509996666666664e-05,0.0,-2.6509996666666664e-05
A:644,2.6755103333333332e-05,0.0,-2.6755103333333332e-05
A:316,0.0002506869055555556,0.0002236010411111111,-2.7085864444444482e-05
A:595,2.710216e-05,0.0,-2.710216e-05
A:422,0.000218019227,0.00019082247222222223,-2.719675477777777e-05
A:597,2.740997111111111e-05,0.0,-2.740997111111111e-05
A:589,2.776206e-05,0.0,-2.776206e-05
A:584,2.7802211111111112e-05,0.0,-2.7802211111111112e-05
A:263,2.7914396666666667e-05,0.0,-2.7914396666666667e-05
A:629,2.799393e-05,0.0,-2.799393e-05
A:541,2.8184577777777777e-05,0.0,-2.8184577777777777e-05
A:153,2.8266444444444447e-05,0.0,-2.8266444444444447e-05
A:565,2.8544403333333335e-05,0.0,-2.8544403333333335e-05
A:186,2.8649274444444448e-05,0.0,-2.8649274444444448e-05
A:371,0.00016291140966666668,0.00013415848666666665,-2.8752923000000024e-05
A:353,0.00022044242111111115,0.00019131456555555556,-2.9127855555555594e-05
A:461,0.0001827792788888889,0.00015288997333333333,-2.988930555555556e-05
A:220,3.016008e-05,0.0,-3.016008e-05
A:653,3.0277452222222222e-05,0.0,-3.0277452222222222e-05
A:642,3.0303166666666665e-05,0.0,-3.0303166666666665e-05
A:641,3.083634222222223e-05,0.0,-3.083634222222223e-05
A:608,3.1317335555555556e-05,0.0,-3.1317335555555556e-05
A:436,0.00021452147733333333,0.00018317377777777777,-3.1347699555555556e-05
A:639,3.163629111111111e-05,0.0,-3.163629111111111e-05
A:390,0.00039052511,0.00035867170555555557,-3.185340444444444e-05
A:296,3.190394777777778e-05,0.0,-3.190394777777778e-05
A:408,0.00010172178999999998,6.874674566666666e-05,-3.2975044333333325e-05
A:396,0.00033622543555555554,0.00030321753777777776,-3.300789777777778e-05
A:568,3.301996444444444e-05,0.0,-3.301996444444444e-05
A:341,0.00013029276044444445,9.709753733333334e-05,-3.319522311111111e-05
A:274,3.334720444444445e-05,0.0,-3.334720444444445e-05
A:209,3.3685892222222225e-05,0.0,-3.3685892222222225e-05
A:269,3.369758488888889e-05,0.0,-3.369758488888889e-05
A:257,3.392692844444444e-05,0.0,-3.392692844444444e-05
A:528,0.00024100712611111114,0.00020704932999999999,-3.395779611111116e-05
A:623,3.401784444444445e-05,0.0,-3.401784444444445e-05
A:517,0.00022020996888888892,0.00018582543444444443,-3.43845344444445e-05
A:457,0.00029361173333333334,0.0002592044855555556,-3.440724777777776e-05
A:449,0.00014926993155555556,0.00011409051355555557,-3.517941799999999e-05
A:445,0.00020206356055555555,0.00016666864555555554,-3.539491500000001e-05
A:311,9.001664366666668e-05,5.46129958888889e-05,-3.540364777777778e-05
A:579,3.545548888888889e-05,0.0,-3.545548888888889e-05
A:620,3.6818725555555556e-05,0.0,-3.6818725555555556e-05
A:328,0.00036979079555555556,0.00033261571777777783,-3.717507777777773e-05
A:264,3.753772666666667e-05,0.0,-3.753772666666667e-05
A:261,3.8361388888888886e-05,0.0,-3.8361388888888886e-05
A:272,3.863030444444445e-05,0.0,-3.863030444444445e-05
A:260,3.908719333333334e-05,0.0,-3.908719333333334e-05
A:256,4.03632e-05,0.0,-4.03632e-05
A:545,4.0442759999999996e-05,0.0,-4.0442759999999996e-05
A:300,0.0001835526411111111,0.00014298158888888886,-4.057105222222225e-05
A:654,4.0747962222222224e-05,0.0,-4.0747962222222224e-05
A:282,4.090607e-05,0.0,-4.090607e-05
A:486,0.00019800102777777775,0.00015690063222222224,-4.110039555555551e-05
A:425,0.00022045859944444442,0.00017819201444444442,-4.2266585e-05
A:307,0.00031196396266666666,0.00026958596555555557,-4.237799711111109e-05
A:255,4.295487111111111e-05,0.0,-4.295487111111111e-05
A:438,0.00043819644222222224,0.0003951743088888889,-4.302213333333334e-05
A:271,4.331242333333333e-05,0.0,-4.331242333333333e-05
A:442,0.00036115327633333335,0.0003172239155555555,-4.392936077777783e-05
A:364,0.00033468829999999997,0.00029074214999999997,-4.394615e-05
A:284,4.402695666666667e-05,0.0,-4.402695666666667e-05
A:385,0.00014789023177777777,0.0001036969928888889,-4.419323888888887e-05
A:346,0.00018410736222222222,0.00013960196677777778,-4.450539544444444e-05
A:281,4.456092444444444e-05,0.0,-4.456092444444444e-05
A:523,0.00013207425933333333,8.5897854e-05,-4.617640533333333e-05
A:276,4.656088888888889e-05,0.0,-4.656088888888889e-05
A:395,0.00014351724577777776,9.655030499999999e-05,-4.696694077777777e-05
A:335,0.00017002896955555554,0.00012298823444444444,-4.70407351111111e-05
A:293,4.819312555555556e-05,0.0,-4.819312555555556e-05
A:462,0.00048680429,0.0004385461522222222,-4.825813777777782e-05
A:348,0.00017798961177777778,0.00012964008955555558,-4.834952222222219e-05
A:266,4.885639777777777e-05,0.0,-4.885639777777777e-05
A:611,4.952842222222222e-05,0.0,-4.952842222222222e-05
A:270,4.971328555555556e-05,0.0,-4.971328555555556e-05
A:648,4.9818203333333335e-05,0.0,-4.9818203333333335e-05
A:527,0.0003991495744444445,0.00034894847222222223,-5.020110222222227e-05
A:254,5.175171e-05,0.0,-5.175171e-05
A:516,0.0008725704855555556,0.0008202154755555557,-5.235500999999998e-05
A:262,5.2982848888888885e-05,0.0,-5.2982848888888885e-05
A:529,0.00029727562111111117,0.00024427716044444445,-5.2998460666666715e-05
A:280,5.326104777777778e-05,0.0,-5.326104777777778e-05
A:267,5.359062555555555e-05,0.0,-5.359062555555555e-05
A:273,5.3862533666666665e-05,0.0,-5.3862533666666665e-05
A:275,5.4734413333333334e-05,0.0,-5.4734413333333334e-05
A:314,0.00019263045444444448,0.0001365862988888889,-5.604415555555557e-05
A:428,0.0002138948577777778,0.00015656869599999998,-5.732616177777782e-05
A:380,0.00016891630011111109,0.00011118493311111111,-5.773136699999998e-05
A:367,0.00012790865000000001,6.925015833333334e-05,-5.865849166666667e-05
A:470,0.00027109003333333336,0.00021148251222222224,-5.960752111111112e-05
A:416,0.00020316209766666667,0.0001423042811111111,-6.0857816555555557e-05
A:489,0.0004760019711111111,0.00041462811333333333,-6.137385777777777e-05
A:398,0.00012429203855555555,6.219309266666666e-05,-6.209894588888889e-05
A:283,6.525991222222222e-05,0.0,-6.525991222222222e-05
A:536,0.00024564514111111114,0.00017951215888888894,-6.61329822222222e-05
A:297,6.946636111111111e-05,0.0,-6.946636111111111e-05
A:294,6.968399033333333e-05,0.0,-6.968399033333333e-05
A:465,0.00019769835899999998,0.000127902689,-6.979566999999997e-05
A:388,0.00018249729633333333,0.00011224349877777779,-7.025379755555554e-05
A:279,7.056841e-05,0.0,-7.056841e-05
A:483,0.00023457402333333337,0.00016258766666666665,-7.198635666666673e-05
A:350,0.00022660850511111114,0.00015246602777777777,-7.414247733333336e-05
A:485,0.0002864218757777778,0.00020915715555555554,-7.726472022222226e-05
A:448,0.0004887996955555556,0.00040518922,-8.361047555555557e-05
A:515,0.00020725812555555555,0.0001226276251111111,-8.463050044444444e-05
A:303,0.00022170909844444444,0.00013588827111111112,-8.582082733333331e-05
A:518,0.0003396963244444444,0.00025265905555555557,-8.703726888888884e-05
A:413,0.00030016170666666666,0.00020978084888888888,-9.038085777777777e-05
A:539,9.187894666666666e-05,0.0,-9.187894666666666e-05
A:473,0.0002636397255555555,0.00016786324155555556,-9.577648399999994e-05
A:333,0.00020460070666666666,0.00010582616666666669,-9.877453999999997e-05
A:434,0.0002306025488888889,0.00013099406488888889,-9.960848400000002e-05
A:368,0.00035508249333333333,0.0002520616133333333,-0.00010302088000000001
A:512,0.00035255798888888883,0.0002480355311111111,-0.00010452245777777772
A:326,0.0002488365677777778,0.00014128521266666664,-0.00010755135511111117
A:358,0.00031209448000000004,0.00020440924111111113,-0.00010768523888888892
A:427,0.00034650260488888887,0.00023507907555555556,-0.0001114235293333333
A:424,0.0003720467822222222,0.00025798872666666663,-0.0001140580555555556
A:405,0.00031247348555555547,0.0001967274288888889,-0.00011574605666666657
A:299,0.00012192374411111113,0.0,-0.00012192374411111113
A:338,0.00027258248111111113,0.00014359899333333333,-0.0001289834877777778
A:298,0.0001381530511111111,0.0,-0.0001381530511111111
A:330,0.0004789152537777778,0.0002466978033333334,-0.00023221745044444444
