residue,delta,p,q
A:148,-1.112602488888889e-05,0.8267032464563329,0.9698809537019106
A:149,-1.2252018888888889e-05,0.8267032464563329,0.9698809537019106
A:150,-8.300793333333333e-06,0.8267032464563329,0.9698809537019106
A:151,-6.466975555555556e-06,0.8267032464563329,0.9698809537019106
A:152,-3.6381793333333334e-06,0.826703246456333,0.9698809537019106
A:153,-2.8266444444444447e-05,0.8267032464563329,0.9698809537019106
A:154,-1.1511175555555555e-05,0.8267032464563329,0.9698809537019106
A:155,-2.4537772222222222e-05,0.8267032464563329,0.9698809537019106
A:156,-3.995966444444444e-06,0.8267032464563329,0.9698809537019106
A:157,-4.434958888888889e-06,0.8267032464563329,0.9698809537019106
A:158,-1.1053125555555555e-05,0.8267032464563329,0.9698809537019106
A:159,-3.7733088888888887e-06,0.8267032464563329,0.9698809537019106
A:160,-4.349040333333334e-06,0.8267032464563329,0.9698809537019106
A:161,-1.6432725555555555e-05,0.8267032464563329,0.9698809537019106
A:162,-5.489296111111111e-06,0.8267032464563329,0.9698809537019106
A:163,-1.4475316666666667e-05,0.8267032464563329,0.9698809537019106
A:164,-1.1183130666666666e-05,0.8267032464563329,0.9698809537019106
A:165,-1.0189397777777778e-05,0.8267032464563329,0.9698809537019106
A:166,-4.7410011111111116e-06,0.8267032464563329,0.9698809537019106
A:167,-9.768256666666665e-06,0.8267032464563329,0.9698809537019106
A:168,-7.329678444444444e-06,0.8267032464563329,0.9698809537019106
A:169,-1.1486288888888888e-05,0.8267032464563329,0.9698809537019106
A:170,-1.2709684000000001e-05,0.826703246456333,0.9698809537019106
A:171,-5.714702888888889e-06,0.8267032464563329,0.9698809537019106
A:172,-1.5834365555555557e-05,0.8267032464563329,0.9698809537019106
A:173,-6.117637333333333e-06,0.8267032464563329,0.9698809537019106
A:174,-6.652801777777778e-06,0.8267032464563329,0.9698809537019106
A:175,-7.83461888888889e-06,0.826703246456333,0.9698809537019106
A:176,-2.452722888888889e-05,0.8267032464563329,0.9698809537019106
A:177,-1.5595276666666667e-05,0.8267032464563329,0.9698809537019106
A:178,-9.2842e-06,0.8267032464563329,0.9698809537019106
A:179,-1.5728002222222222e-05,0.8267032464563329,0.9698809537019106
A:180,-8.05975888888889e-06,0.8267032464563329,0.9698809537019106
A:181,-5.241065111111111e-06,0.8267032464563329,0.9698809537019106
A:182,-1.0862063333333332e-05,0.8267032464563329,0.9698809537019106
A:183,-1.302747e-05,0.8267032464563329,0.9698809537019106
A:184,-1.5998425555555555e-05,0.8267032464563329,0.9698809537019106
A:185,-1.2358312666666667e-05,0.8267032464563329,0.9698809537019106
A:186,-2.8649274444444448e-05,0.8267032464563329,0.9698809537019106
A:187,-7.372338222222222e-06,0.8267032464563329,0.9698809537019106
A:188,-1.5909214444444444e-05,0.8267032464563329,0.9698809537019106
A:189,-1.0322803333333334e-05,0.8267032464563329,0.9698809537019106
A:190,-4.897302e-06,0.8267032464563329,0.9698809537019106
A:191,-1.372011e-05,0.8267032464563329,0.9698809537019106
A:192,-9.061964444444444e-06,0.826703246456333,0.9698809537019106
A:193,-1.4025912222222223e-05,0.8267032464563329,0.9698809537019106
A:194,-1.2106349444444444e-05,0.8267032464563329,0.9698809537019106
A:195,-7.758736e-06,0.8267032464563329,0.9698809537019106
A:196,-1.496803e-05,0.826703246456333,0.9698809537019106
A:197,-1.1969973333333333e-05,0.826703246456333,0.9698809537019106
A:198,-1.3571255555555556e-05,0.8267032464563329,0.9698809537019106
A:199,-9.38613888888889e-06,0.8267032464563329,0.9698809537019106
A:200,-1.1751344444444444e-05,0.8267032464563329,0.9698809537019106
A:201,-4.362843666666666e-06,0.8267032464563329,0.9698809537019106
A:202,-1.3564444444444444e-05,0.8267032464563329,0.9698809537019106
A:203,-1.272262888888889e-05,0.8267032464563329,0.9698809537019106
A:204,-1.0464107777777778e-05,0.8267032464563329,0.9698809537019106
A:205,-4.911331666666667e-06,0.8267032464563329,0.9698809537019106
A:206,-1.4296506666666667e-05,0.8267032464563329,0.9698809537019106
A:207,-5.537805555555556e-06,0.8267032464563329,0.9698809537019106
A:208,-1.0581630555555557e-05,0.8267032464563329,0.9698809537019106
A:209,-3.3685892222222225e-05,0.8267032464563329,0.9698809537019106
A:210,-5.637764888888889e-06,0.8267032464563329,0.9698809537019106
A:211,-1.047730888888889e-05,0.8267032464563329,0.9698809537019106
A:212,-5.883655555555555e-06,0.8267032464563329,0.9698809537019106
A:213,-1.0279536e-05,0.8267032464563329,0.9698809537019106
A:214,-5.481074666666667e-06,0.8267032464563329,0.9698809537019106
A:215,-9.844406222222223e-06,0.826703246456333,0.9698809537019106
A:216,-6.467397e-06,0.8267032464563329,0.9698809537019106
A:217,-3.4270628888888885e-06,0.8267032464563329,0.9698809537019106
A:218,-8.34124e-06,0.8267032464563329,0.9698809537019106
A:219,-1.8277024444444446e-05,0.8267032464563329,0.9698809537019106
A:220,-3.016008e-05,0.8267032464563329,0.9698809537019106
A:221,-6.736387111111111e-06,0.8267032464563329,0.9698809537019106
A:222,-1.0873194444444443e-05,0.8267032464563329,0.9698809537019106
A:223,-2.1286583333333334e-05,0.8267032464563329,0.9698809537019106
A:224,-1.2124893333333334e-05,0.8267032464563329,0.9698809537019106
A:225,-4.160842888888889e-06,0.8267032464563329,0.9698809537019106
A:226,-1.4225572222222223e-05,0.826703246456333,0.9698809537019106
A:227,-6.296001111111111e-06,0.826703246456333,0.9698809537019106
A:228,-1.1780624444444445e-05,0.8267032464563329,0.9698809537019106
A:229,-1.3904293333333332e-05,0.8267032464563329,0.9698809537019106
A:230,-1.9926623333333333e-05,0.8267032464563329,0.9698809537019106
A:231,-1.5061037777777777e-05,0.8267032464563329,0.9698809537019106
A:232,-1.434311111111111e-05,0.8267032464563329,0.9698809537019106
A:233,-1.4178237777777779e-05,0.8267032464563329,0.9698809537019106
A:234,-1.5881193333333334e-05,0.8267032464563329,0.9698809537019106
A:235,-2.7366754444444444e-06,0.826703246456333,0.9698809537019106
A:236,-2.738997111111111e-06,0.826703246456333,0.9698809537019106
A:237,-2.121574e-05,0.8267032464563329,0.9698809537019106
A:238,-1.0684056666666667e-05,0.8267032464563329,0.9698809537019106
A:239,-8.84128e-06,0.8267032464563329,0.9698809537019106
A:240,-1.0475996666666668e-05,0.8267032464563329,0.9698809537019106
A:241,-7.824954444444445e-06,0.8267032464563329,0.9698809537019106
A:242,-1.467044888888889e-05,0.8267032464563329,0.9698809537019106
A:243,-1.8280327777777777e-05,0.8267032464563329,0.9698809537019106
A:244,-5.651579444444445e-06,0.8267032464563329,0.9698809537019106
A:245,-3.2998695555555555e-06,0.8267032464563329,0.9698809537019106
A:246,-2.0165786666666667e-05,0.8267032464563329,0.9698809537019106
A:247,-8.594385555555555e-06,0.8267032464563329,0.9698809537019106
A:248,-4.82477e-06,0.8267032464563329,0.9698809537019106
A:249,-6.6926497777777776e-06,0.8267032464563329,0.9698809537019106
A:250,-1.877407222222222e-05,0.8267032464563329,0.9698809537019106
A:251,-1.6211471111111112e-05,0.8267032464563329,0.9698809537019106
A:252,-4.244234222222222e-06,0.8267032464563329,0.9698809537019106
A:253,-1.6176716888888888e-05,0.9001921883600668,0.9698809537019106
A:254,-5.175171e-05,0.9124144741234711,0.9698809537019106
A:255,-4.295487111111111e-05,0.8557146079056923,0.9698809537019106
A:256,-4.03632e-05,0.8957165396869647,0.9698809537019106
A:257,-3.392692844444444e-05,0.8825470513823248,0.9698809537019106
A:258,-2.5425774444444444e-05,0.9062019890765377,0.9698809537019106
A:259,-2.6367887777777778e-05,0.8598025193776816,0.9698809537019106
A:260,-3.908719333333334e-05,0.913992829808309,0.9698809537019106
A:261,-3.8361388888888886e-05,0.9102973288868511,0.9698809537019106
A:262,-5.2982848888888885e-05,0.8853757716707169,0.9698809537019106
A:263,-2.7914396666666667e-05,0.9040827010240774,0.9698809537019106
A:264,-3.753772666666667e-05,0.9116954842795307,0.9698809537019106
A:265,-1.9858934e-05,0.9154537933186845,0.9698809537019106
A:266,-4.885639777777777e-05,0.9030610772141546,0.9698809537019106
A:267,-5.359062555555555e-05,0.9125053299664836,0.9698809537019106
A:268,-1.981685111111111e-05,0.8952372073605384,0.9698809537019106
A:269,-3.369758488888889e-05,0.9039141645058508,0.9698809537019106
A:270,-4.971328555555556e-05,0.8914236493165283,0.9698809537019106
A:271,-4.331242333333333e-05,0.8770748810943234,0.9698809537019106
A:272,-3.863030444444445e-05,0.9125252570696702,0.9698809537019106
A:273,-5.3862533666666665e-05,0.8484250823106547,0.9698809537019106
A:274,-3.334720444444445e-05,0.8893501800052674,0.9698809537019106
A:275,-5.4734413333333334e-05,0.9150006393490957,0.9698809537019106
A:276,-4.656088888888889e-05,0.8664659993346947,0.9698809537019106
A:277,-1.9300012888888888e-05,0.8621843566025239,0.9698809537019106
A:278,-2.371253888888889e-05,0.8858505352168485,0.9698809537019106
A:279,-7.056841e-05,0.857290595546079,0.9698809537019106
A:280,-5.326104777777778e-05,0.9044483642895339,0.9698809537019106
A:281,-4.456092444444444e-05,0.9034079601338632,0.9698809537019106
A:282,-4.090607e-05,0.8765679654464381,0.9698809537019106
A:283,-6.525991222222222e-05,0.8496761846076013,0.9698809537019106
A:284,-4.402695666666667e-05,0.907393290480379,0.9698809537019106
A:285,-1.4034902222222222e-05,0.8267032464563329,0.9698809537019106
A:286,-2.721371111111111e-06,0.8267032464563329,0.9698809537019106
A:287,-1.9248946666666667e-05,0.8267032464563329,0.9698809537019106
A:288,-9.34828288888889e-06,0.8267032464563329,0.9698809537019106
A:289,-4.558824777777778e-06,0.826703246456333,0.9698809537019106
A:290,-1.4153606666666667e-05,0.8267032464563329,0.9698809537019106
A:291,-1.086043888888889e-05,0.8267032464563329,0.9698809537019106
A:292,-1.604325e-05,0.8822332640507939,0.9698809537019106
A:293,-4.819312555555556e-05,0.8970979397185295,0.9698809537019106
A:294,-6.968399033333333e-05,0.8461161575439788,0.9698809537019106
A:295,-2.4280010555555553e-05,0.8997814605659984,0.9698809537019106
A:296,-3.190394777777778e-05,0.9154040722044439,0.9698809537019106
A:297,-6.946636111111111e-05,0.968899691594708,0.9960249148218729
A:298,-0.0001381530511111111,0.9853590785795884,0.9984819594004634
A:299,-0.00012192374411111113,0.9969934858390108,0.9989755802442574
A:300,-4.057105222222225e-05,0.9339159894446457,0.9765428603321608
A:301,0.00012172469033333339,0.010064429776085227,0.23542697535733884
A:302,-7.651601111111067e-06,0.6511018265109612,0.9698809537019106
A:303,-8.582082733333331e-05,0.9720197822031396,0.9960249148218729
A:304,8.294361666666666e-06,0.40875266255830595,0.9698809537019106
A:305,1.2627137777777793e-05,0.37838484853001386,0.9698809537019106
A:306,3.397665611111112e-05,0.05761325841928749,0.6375983636612146
A:307,-4.237799711111109e-05,0.7597590276593496,0.9698809537019106
A:308,0.0001001313233333333,0.0006644334626071148,0.10022973218162191
A:309,-1.7028703666666697e-05,0.7149875294880348,0.9698809537019106
A:310,7.205263944444441e-05,0.012570060778150241,0.2639712763411551
A:311,-3.540364777777778e-05,0.858263438974987,0.9698809537019106
A:312,0.00011772550000000001,0.004858775695213022,0.21007408032797825
A:313,1.613823444444445e-05,0.2885036010588671,0.9698809537019106
A:314,-5.604415555555557e-05,0.9233885285538052,0.9698809537019106
A:315,6.318285000000005e-05,0.14493105805179787,0.958441895731472
A:316,-2.7085864444444482e-05,0.8265882704171079,0.9698809537019106
A:317,-2.1100873888888903e-05,0.7249959141469355,0.9698809537019106
A:318,-1.5431898888888882e-05,0.7600673699800033,0.9698809537019106
A:319,9.888131666666657e-05,0.036568656099606335,0.4990433870552934
A:320,-1.97122966666667e-05,0.7780520778599436,0.9698809537019106
A:321,3.087839888888893e-05,0.1250971163629778,0.9137528499556639
A:322,7.824828444444445e-06,0.43613291456361863,0.9698809537019106
A:323,1.889024033333337e-05,0.257378332913502,0.9698809537019106
A:324,2.1879884444444696e-06,0.4749274598904482,0.9698809537019106
A:325,0.00029808409333333336,0.0008898122635214746,0.10022973218162191
A:326,-0.00010755135511111117,0.9945197294028424,0.9984819594004634
A:327,2.6640778555555558e-05,0.2442845028229555,0.9698809537019106
A:328,-3.717507777777773e-05,0.7649574708273519,0.9698809537019106
A:329,9.752168633333336e-05,0.13886140730681137,0.958441895731472
A:330,-0.00023221745044444444,0.9939489423761905,0.9984819594004634
A:331,-1.1197921111111059e-05,0.5628897082182877,0.9698809537019106
A:332,-1.3643054444444373e-05,0.5552002381764911,0.9698809537019106
A:333,-9.877453999999997e-05,0.99260909530985,0.9984819594004634
A:334,6.286583911111111e-05,0.20195532445062792,0.9698809537019106
A:335,-4.70407351111111e-05,0.8826499347644192,0.9698809537019106
A:336,1.1872097777777856e-05,0.45562306574684996,0.9698809537019106
A:337,6.626493111111108e-05,0.35883634658253216,0.9698809537019106
A:338,-0.0001289834877777778,0.9919746197869377,0.9984819594004634
A:339,4.669505222222223e-05,0.10887203555859032,0.8627848901010869
A:340,0.0001500809861111111,0.00804564493594714,0.23542697535733884
A:341,-3.319522311111111e-05,0.9481399339815987,0.983256227832769
A:342,4.700306977777779e-05,0.020954987862565156,0.3804397036357137
A:343,-1.9157873777777773e-05,0.7874716315338997,0.9698809537019106
A:344,-1.608676866666662e-05,0.6174438052901536,0.9698809537019106
A:345,3.9016770000000075e-06,0.4449550613473754,0.9698809537019106
A:346,-4.450539544444444e-05,0.922184468839254,0.9698809537019106
A:347,-9.667036888888903e-06,0.5838879948658227,0.9698809537019106
A:348,-4.834952222222219e-05,0.8683468080754071,0.9698809537019106
A:349,4.942245811111114e-05,0.02876070775674279,0.43996949508337396
A:350,-7.414247733333336e-05,0.9762625157182643,0.9960249148218729
A:351,8.754188000000012e-05,0.022160461690104202,0.3851335410969834
A:352,4.915519999999999e-06,0.33754501487320665,0.9698809537019106
A:353,-2.9127855555555594e-05,0.8956169077941312,0.9698809537019106
A:354,7.3984137777777606e-06,0.39316561755035156,0.9698809537019106
A:355,6.309073333333337e-05,0.025516159658646603,0.4148433699341254
A:356,-4.869971555555527e-06,0.5439037448847103,0.9698809537019106
A:357,-1.0529655666666679e-05,0.6800291720816338,0.9698809537019106
A:358,-0.00010768523888888892,0.9236961463827721,0.9698809537019106
A:359,3.9062796000000045e-05,0.10955998604458247,0.8627848901010869
A:360,6.372192888888886e-05,0.07900220248603251,0.7657136548646228
A:361,-1.6111772222222442e-06,0.5225794607828019,0.9698809537019106
A:362,8.961614044444442e-05,0.017534414061294346,0.3398978725727827
A:363,-2.293994111111111e-05,0.7164092390278853,0.9698809537019106
A:364,-4.394615e-05,0.8926697742488319,0.9698809537019106
A:365,1.3535528888888914e-05,0.359355416009236,0.9698809537019106
A:366,2.183410222222223e-05,0.19792778215590423,0.9698809537019106
A:367,-5.865849166666667e-05,0.9876519191803708,0.9984819594004634
A:368,-0.00010302088000000001,0.9747659011434257,0.9960249148218729
A:369,1.5375006666666684e-05,0.3175061750447265,0.9698809537019106
A:370,8.151861400000003e-05,0.0936553173895676,0.8149306980040713
A:371,-2.8752923000000024e-05,0.7840041360050762,0.9698809537019106
A:372,-4.922885555555512e-06,0.5386689736417563,0.9698809537019106
A:373,6.097365777777786e-05,0.14833029338701353,0.958441895731472
A:374,8.310458222222212e-05,0.08216898048313015,0.7812309359431217
A:375,1.4561652222222206e-05,0.21473335245666225,0.9698809537019106
A:376,5.0058657777777844e-05,0.14572338103789786,0.958441895731472
A:377,2.874945222222224e-05,0.17119671251562496,0.9698809537019106
A:378,3.898656000000001e-05,0.20935967212579581,0.9698809537019106
A:379,6.740432511111107e-05,0.05297350502474013,0.6166355867935772
A:380,-5.773136699999998e-05,0.9053894378545706,0.9698809537019106
A:381,-6.571320444444392e-06,0.6822880990991558,0.9698809537019106
A:382,0.00010026935588888894,0.03663612166874178,0.4990433870552934
A:383,1.9815734444444483e-05,0.282838584218828,0.9698809537019106
A:384,3.568716866666669e-05,0.2995858514289753,0.9698809537019106
A:385,-4.419323888888887e-05,0.9817106624630585,0.9984819594004634
A:386,1.0429899999999824e-06,0.49033799663533767,0.9698809537019106
A:387,4.238154333333335e-05,0.061207256015874685,0.6375983636612146
A:388,-7.025379755555554e-05,0.9579185681747177,0.9913572040247591
A:389,2.3729063333333318e-05,0.2508347720931432,0.9698809537019106
A:390,-3.185340444444444e-05,0.6787995608300739,0.9698809537019106
A:391,-2.042701288888889e-05,0.8660629192909343,0.9698809537019106
A:392,8.375472777777783e-06,0.4252667688178881,0.9698809537019106
A:393,0.00012392457155555552,0.0007478945739928887,0.10022973218162191
A:394,0.0001859715560000001,0.009441595241052812,0.23542697535733884
A:395,-4.696694077777777e-05,0.8217153934643954,0.9698809537019106
A:396,-3.300789777777778e-05,0.8158307973217497,0.9698809537019106
A:397,-4.202966666666714e-06,0.5370021478359692,0.9698809537019106
A:398,-6.209894588888889e-05,0.7850239229744584,0.9698809537019106
A:399,0.00010905716333333326,0.05073778036322182,0.6166355867935772
A:400,8.748919977777782e-05,0.16323089344908837,0.9698809537019106
A:401,-2.0010877333333335e-05,0.8007815799304104,0.9698809537019106
A:402,4.2362864444444464e-05,0.2339835059394771,0.9698809537019106
A:403,0.00016654782277777778,0.005001763817332815,0.21007408032797825
A:404,0.00015603698111111113,0.001270376214123006,0.10022973218162191
A:405,-0.00011574605666666657,0.9411052062084,0.9799938510930446
A:406,9.46459377777778e-05,0.007266608021681969,0.23542697535733884
A:407,4.250548555555559e-05,0.114429649362243,0.8738264133116738
A:408,-3.2975044333333325e-05,0.9275247680336469,0.9718762642182079
A:409,5.512700000000003e-05,0.18897912218712898,0.9698809537019106
A:410,6.072771199999992e-05,0.14666032401555879,0.958441895731472
A:411,-1.0634753333333357e-05,0.5972003821441008,0.9698809537019106
A:412,0.00011049330333333325,0.0844197100200951,0.7812309359431217
A:413,-9.038085777777777e-05,0.8860346025318189,0.9698809537019106
A:414,0.00011660076533333334,0.028807526463792345,0.43996949508337396
A:415,3.058787777777779e-05,0.28411741718980715,0.9698809537019106
A:416,-6.0857816555555557e-05,0.7887810335833334,0.9698809537019106
A:417,8.194275888888887e-05,0.032687921166149894,0.4724758049625444
A:418,8.282237222222226e-05,0.13819787454257978,0.958441895731472
A:419,0.00013398052488888882,0.0625923888005274,0.6375983636612146
A:420,5.027338333333335e-05,0.1798875087534646,0.9698809537019106
A:421,-1.1963877777777798e-05,0.7271970418399913,0.9698809537019106
A:422,-2.719675477777777e-05,0.7270578129914398,0.9698809537019106
A:423,2.2532782222222265e-05,0.2022205837479658,0.9698809537019106
A:424,-0.0001140580555555556,0.9750150736880905,0.9960249148218729
A:425,-4.2266585e-05,0.8140659074315267,0.9698809537019106
A:426,0.00019749812711111108,0.0003084160411742701,0.10022973218162191
A:427,-0.0001114235293333333,0.9168453081682457,0.9698809537019106
A:428,-5.732616177777782e-05,0.8793709991652167,0.9698809537019106
A:429,2.1905022222222232e-05,0.3203891849007888,0.9698809537019106
A:430,8.328891555555557e-05,0.14724562536242253,0.958441895731472
A:431,2.436345888888903e-06,0.4632180008189031,0.9698809537019106
A:432,7.351456555555557e-05,0.20993553774401352,0.9698809537019106
A:433,6.593110111111116e-05,0.1865829125889522,0.9698809537019106
A:434,-9.960848400000002e-05,0.9943886181156795,0.9984819594004634
A:435,6.601024777777781e-05,0.05366094801861478,0.6166355867935772
A:436,-3.1347699555555556e-05,0.8592545087799275,0.9698809537019106
A:437,3.893911333333332e-05,0.0624587940242602,0.6375983636612146
A:438,-4.302213333333334e-05,0.6890773540473552,0.9698809537019106
A:439,-1.3836403333333333e-05,0.6494324404294332,0.9698809537019106
A:440,1.858422444444446e-05,0.3491663180436936,0.9698809537019106
A:441,9.392533733333332e-05,0.047990643217581765,0.6046821045415303
A:442,-4.392936077777783e-05,0.7290338881224347,0.9698809537019106
A:443,9.8342000000003e-07,0.4918739983974343,0.9698809537019106
A:444,0.00010624891822222219,0.09378170730999233,0.8149306980040713
A:445,-3.539491500000001e-05,0.8633327336189923,0.9698809537019106
A:446,-2.053871222222221e-05,0.8622858936236629,0.9698809537019106
A:447,7.283209666666664e-05,0.007105683609929148,0.23542697535733884
A:448,-8.361047555555557e-05,0.812345635943712,0.9698809537019106
A:449,-3.517941799999999e-05,0.8808106296831754,0.9698809537019106
A:450,-8.206227666666629e-06,0.6090435476671799,0.9698809537019106
A:451,4.162150044444447e-05,0.01027657432115368,0.23542697535733884
A:452,-2.096953999999998e-05,0.6521695967919436,0.9698809537019106
A:453,6.029750000000002e-05,0.011059162860170958,0.24233991658809403
A:454,-2.0692606111111114e-05,0.8549072795348166,0.9698809537019106
A:455,-1.804783222222222e-05,0.8843751588375349,0.9698809537019106
A:456,0.00010769458444444442,0.047780956450918594,0.6046821045415303
A:457,-3.440724777777776e-05,0.8761518119122603,0.9698809537019106
A:458,2.7637157777777774e-05,0.22541558550298374,0.9698809537019106
A:459,3.393297111111077e-06,0.46043155600204855,0.9698809537019106
A:460,0.0001028110455555556,0.0755444375776511,0.7465567948850226
A:461,-2.988930555555556e-05,0.730172331928402,0.9698809537019106
A:462,-4.825813777777782e-05,0.7160848938685551,0.9698809537019106
A:463,-2.1316706666666655e-05,0.6144344169303506,0.9698809537019106
A:464,4.4476010777777785e-05,0.22921296186701118,0.9698809537019106
A:465,-6.979566999999997e-05,0.8313470703792878,0.9698809537019106
A:466,7.784361222222227e-05,0.09177441327789584,0.8149306980040713
A:467,3.4335804999999984e-05,0.10269388893156123,0.841241985640302
A:468,2.203846e-05,0.3812160466209731,0.9698809537019106
A:469,9.674697599999999e-05,0.06325380591877129,0.6375983636612146
A:470,-5.960752111111112e-05,0.7658786852122971,0.9698809537019106
A:471,2.393887422222216e-05,0.3664644941198296,0.9698809537019106
A:472,-2.0527769999999852e-06,0.5264135954454234,0.9698809537019106
A:473,-9.577648399999994e-05,0.9721234295012887,0.9960249148218729
A:474,3.246032822222224e-05,0.2771276885084249,0.9698809537019106
A:475,0.00018002756666666664,0.004835849788530628,0.21007408032797825
A:476,6.245911111111896e-07,0.4961112817146791,0.9698809537019106
A:477,-1.5201933333333395e-05,0.7583039883144419,0.9698809537019106
A:478,9.722245555555563e-05,0.05383326551372499,0.6166355867935772
A:479,7.613666666666651e-06,0.42717963129985365,0.9698809537019106
A:480,-7.962696000000013e-06,0.5926614775642141,0.9698809537019106
A:481,-1.3334187777777748e-05,0.6197771673754374,0.9698809537019106
A:482,3.529544999999996e-05,0.19702079330293504,0.9698809537019106
A:483,-7.198635666666673e-05,0.8652741857025381,0.9698809537019106
A:484,0.000355168131111111,0.006128697141139954,0.23542697535733884
A:485,-7.726472022222226e-05,0.9479242011790674,0.983256227832769
A:486,-4.110039555555551e-05,0.9991776612056704,0.9991776612056704
A:487,-1.873238055555561e-05,0.8053571773548815,0.9698809537019106
A:488,0.00028533627555555555,0.03964690352268368,0.525843141458752
A:489,-6.137385777777777e-05,0.6806467684123253,0.9698809537019106
A:490,3.220213955555551e-05,0.24135074947173096,0.9698809537019106
A:491,-2.3205521111111123e-05,0.6009155492211299,0.9698809537019106
A:492,6.215314555555558e-05,0.18126038318602733,0.9698809537019106
A:493,5.097595777777775e-05,0.10348611728114826,0.841241985640302
A:494,0.0002121549799999998,0.09623793031554238,0.8221002860853113
A:495,7.395460555555561e-05,0.11395799186969144,0.8738264133116738
A:496,8.347784444444442e-05,0.06230413029064435,0.6375983636612146
A:497,2.355871644444444e-05,0.08525337594617398,0.7812309359431217
A:498,6.572937333333326e-05,0.11841940755583341,0.8907967374349259
A:499,-2.2766048888888887e-05,0.6948780923995774,0.9698809537019106
A:500,4.899940444444444e-05,0.13969945037965636,0.958441895731472
A:501,4.462683333333333e-05,0.1377006154331092,0.958441895731472
A:502,0.00027462093777777785,0.0010782033230403603,0.10022973218162191
A:503,-1.1151068333333365e-05,0.6250985062851745,0.9698809537019106
A:504,0.00010141417222222227,0.008871348843046972,0.23542697535733884
A:505,0.00014541970888888898,0.009551399553209864,0.23542697535733884
A:506,3.0661402666666676e-05,0.023226551780238563,0.3902060699080078
A:507,0.00015674299155555557,0.014089015881887103,0.284034560178844
A:508,5.98471088888889e-05,0.021135539090872985,0.3804397036357137
A:509,1.8897284444444756e-06,0.4678286615489781,0.9698809537019106
A:510,0.0001609721406666668,0.03281081978906558,0.4724758049625444
A:511,0.00012065642222222221,0.0026336037841133476,0.1659170383991409
A:512,-0.00010452245777777772,0.9076950566934661,0.9698809537019106
A:513,-1.9024706777777796e-05,0.7252932391986497,0.9698809537019106
A:514,0.0001405823904444444,0.003143047994320357,0.17601068768193998
A:515,-8.463050044444444e-05,0.9610494941075,0.9925593135864343
A:516,-5.235500999999998e-05,0.6197582034885984,0.9698809537019106
A:517,-3.43845344444445e-05,0.7808130116146207,0.9698809537019106
A:518,-8.703726888888884e-05,0.7791714777221552,0.9698809537019106
A:519,0.00020666107666666674,0.09834035371225898,0.8260589711829754
A:520,0.00040035144799999996,0.0013920796136336377,0.10022973218162191
A:521,4.747522444444445e-05,0.12252964452681142,0.9081608947281317
A:522,6.542878444444454e-05,0.2550427264221786,0.9698809537019106
A:523,-4.617640533333333e-05,0.9202306734540525,0.9698809537019106
A:524,1.4693445444444436e-05,0.23595255151583078,0.9698809537019106
A:525,0.0002929582533333332,0.007841395994386704,0.23542697535733884
A:526,3.3127464444444475e-05,0.30031880719137916,0.9698809537019106
A:527,-5.020110222222227e-05,0.6695749820750008,0.9698809537019106
A:528,-3.395779611111116e-05,0.6411797736491465,0.9698809537019106
A:529,-5.2998460666666715e-05,0.6818670250595789,0.9698809537019106
A:530,4.9009465111111115e-05,0.3149685119439777,0.9698809537019106
A:531,-1.2384611111111119e-05,0.5938655632022161,0.9698809537019106
A:532,2.3484513999999973e-05,0.2755372435703664,0.9698809537019106
A:533,5.6580217777777776e-05,0.1653948323553862,0.9698809537019106
A:534,-2.0367760000000002e-05,0.6952452052437037,0.9698809537019106
A:535,2.3215264888888887e-05,0.27631692324640306,0.9698809537019106
A:536,-6.61329822222222e-05,0.9127883597469306,0.9698809537019106
A:537,1.7145591111111108e-05,0.43598206659970556,0.9698809537019106
A:538,-2.157593444444444e-05,0.7874422727461005,0.9698809537019106
A:539,-9.187894666666666e-05,0.9365388596350483,0.977257940488746
A:540,-1.4369197777777776e-05,0.8267032464563329,0.9698809537019106
A:541,-2.8184577777777777e-05,0.8267032464563329,0.9698809537019106
A:542,-1.269491111111111e-05,0.826703246456333,0.9698809537019106
A:543,-6.401227444444445e-06,0.8267032464563329,0.9698809537019106
A:544,-1.6248576666666666e-05,0.826703246456333,0.9698809537019106
A:545,-4.0442759999999996e-05,0.8267032464563329,0.9698809537019106
A:546,-1.4292428888888888e-05,0.8267032464563329,0.9698809537019106
A:547,-1.2328105555555556e-05,0.8267032464563329,0.9698809537019106
A:548,-1.7819441111111112e-05,0.8267032464563329,0.9698809537019106
A:559,-1.7195406666666667e-05,0.8267032464563329,0.9698809537019106
A:560,-1.5152816666666667e-05,0.8267032464563329,0.9698809537019106
A:561,-1.0684197777777777e-05,0.8267032464563329,0.9698809537019106
A:562,-1.7123771111111113e-05,0.8267032464563329,0.9698809537019106
A:563,-4.829176666666667e-06,0.8267032464563329,0.9698809537019106
A:564,-1.256411888888889e-05,0.8267032464563329,0.9698809537019106
A:565,-2.8544403333333335e-05,0.8267032464563329,0.9698809537019106
A:566,-2.2249207777777778e-05,0.8267032464563329,0.9698809537019106
A:567,-1.4964863333333335e-05,0.8267032464563329,0.9698809537019106
A:568,-3.301996444444444e-05,0.826703246456333,0.9698809537019106
A:569,-1.1170939444444445e-05,0.8267032464563329,0.9698809537019106
A:570,-1.4672725555555555e-05,0.8267032464563329,0.9698809537019106
A:571,-2.6509996666666664e-05,0.8267032464563329,0.9698809537019106
A:572,-6.650055888888889e-06,0.8267032464563329,0.9698809537019106
A:573,-9.024247333333332e-06,0.8267032464563329,0.9698809537019106
A:574,-1.0954077777777778e-05,0.8267032464563329,0.9698809537019106
A:575,-7.0023961111111104e-06,0.8267032464563329,0.9698809537019106
A:576,-1.2632314444444445e-05,0.8267032464563329,0.9698809537019106
A:577,-1.649847666666667e-05,0.8267032464563329,0.9698809537019106
A:578,-2.0837036666666665e-05,0.8267032464563329,0.9698809537019106
A:579,-3.545548888888889e-05,0.826703246456333,0.9698809537019106
A:580,-1.1547472222222222e-05,0.826703246456333,0.9698809537019106
A:581,-5.651781111111111e-06,0.826703246456333,0.9698809537019106
A:582,-2.5917624444444445e-05,0.8267032464563329,0.9698809537019106
A:583,-1.9983642222222222e-05,0.8267032464563329,0.9698809537019106
A:584,-2.7802211111111112e-05,0.826703246456333,0.9698809537019106
A:585,-8.22315711111111e-06,0.8267032464563329,0.9698809537019106
A:586,-7.639285555555555e-06,0.8267032464563329,0.9698809537019106
A:587,-1.2438726666666667e-05,0.8267032464563329,0.9698809537019106
A:588,-9.068272222222222e-06,0.8267032464563329,0.9698809537019106
A:589,-2.776206e-05,0.8267032464563329,0.9698809537019106
A:590,-1.2090462222222223e-05,0.8267032464563329,0.9698809537019106
A:591,-1.4839533333333333e-05,0.826703246456333,0.9698809537019106
A:592,-8.589682222222224e-06,0.826703246456333,0.9698809537019106
A:593,-9.33499888888889e-06,0.8267032464563329,0.9698809537019106
A:594,-2.141002222222222e-05,0.8267032464563329,0.9698809537019106
A:595,-2.710216e-05,0.8267032464563329,0.9698809537019106
A:596,-1.0673489444444444e-05,0.8267032464563329,0.9698809537019106
A:597,-2.740997111111111e-05,0.8267032464563329,0.9698809537019106
A:598,-1.0649193333333334e-05,0.8267032464563329,0.9698809537019106
A:599,-2.1642736666666667e-05,0.8267032464563329,0.9698809537019106
A:600,-1.6107297777777778e-05,0.8267032464563329,0.9698809537019106
A:601,-2.198794111111111e-05,0.8267032464563329,0.9698809537019106
A:602,-1.3801857777777777e-05,0.8267032464563329,0.9698809537019106
A:603,-2.1254453333333332e-05,0.8267032464563329,0.9698809537019106
A:604,-1.642552111111111e-05,0.8267032464563329,0.9698809537019106
A:605,-2.064452111111111e-05,0.826703246456333,0.9698809537019106
A:606,-1.5931455555555556e-05,0.8267032464563329,0.9698809537019106
A:607,-7.871481111111111e-06,0.8267032464563329,0.9698809537019106
A:608,-3.1317335555555556e-05,0.8267032464563329,0.9698809537019106
A:609,-8.997104444444444e-06,0.8267032464563329,0.9698809537019106
A:610,-1.1351010000000001e-05,0.8267032464563329,0.9698809537019106
A:611,-4.952842222222222e-05,0.826703246456333,0.9698809537019106
A:612,-1.3968156666666665e-05,0.8267032464563329,0.9698809537019106
A:613,-1.9717077777777777e-05,0.8267032464563329,0.9698809537019106
A:614,-1.2679576666666667e-05,0.826703246456333,0.9698809537019106
A:615,-1.1656339555555555e-05,0.8267032464563329,0.9698809537019106
A:616,-9.021270666666665e-06,0.8267032464563329,0.9698809537019106
A:617,-2.054775111111111e-05,0.8267032464563329,0.9698809537019106
A:618,-2.185504888888889e-05,0.8267032464563329,0.9698809537019106
A:619,-1.0344463333333333e-05,0.8267032464563329,0.9698809537019106
A:620,-3.6818725555555556e-05,0.8267032464563329,0.9698809537019106
A:621,-1.3676156666666667e-05,0.8267032464563329,0.9698809537019106
A:622,-9.535894444444443e-06,0.8267032464563329,0.9698809537019106
A:623,-3.401784444444445e-05,0.826703246456333,0.9698809537019106
A:624,-2.3859213333333336e-05,0.8267032464563329,0.9698809537019106
A:625,-2.2274201111111113e-05,0.826703246456333,0.9698809537019106
A:626,-2.4753073333333335e-05,0.8267032464563329,0.9698809537019106
A:627,-1.5188545555555556e-05,0.8267032464563329,0.9698809537019106
A:628,-1.0587319444444443e-05,0.8267032464563329,0.9698809537019106
A:629,-2.799393e-05,0.8267032464563329,0.9698809537019106
A:630,-1.4587318888888888e-05,0.8267032464563329,0.9698809537019106
A:631,-1.8923976666666668e-05,0.8267032464563329,0.9698809537019106
A:632,-2.1180314444444445e-05,0.8267032464563329,0.9698809537019106
A:633,-1.747091111111111e-05,0.8267032464563329,0.9698809537019106
A:634,-1.7550641111111112e-05,0.8267032464563329,0.9698809537019106
A:635,-1.0381604444444445e-05,0.8267032464563329,0.9698809537019106
A:636,-2.4362664444444443e-05,0.8267032464563329,0.9698809537019106
A:637,-1.3610988888888888e-05,0.8267032464563329,0.9698809537019106
A:638,-2e-05,0.8267032464563329,0.9698809537019106
A:639,-3.163629111111111e-05,0.8267032464563329,0.9698809537019106
A:640,-9.615708333333333e-06,0.8267032464563329,0.9698809537019106
A:641,-3.083634222222223e-05,0.8267032464563329,0.9698809537019106
A:642,-3.0303166666666665e-05,0.8267032464563329,0.9698809537019106
A:643,-1.3230616666666667e-05,0.8267032464563329,0.9698809537019106
A:644,-2.6755103333333332e-05,0.8267032464563329,0.9698809537019106
A:645,-2.4358966666666665e-05,0.8267032464563329,0.9698809537019106
A:646,-1.9092e-05,0.8267032464563329,0.9698809537019106
A:647,-1.402660888888889e-05,0.8267032464563329,0.9698809537019106
A:648,-4.9818203333333335e-05,0.8267032464563329,0.9698809537019106
A:649,-8.448923333333334e-06,0.8267032464563329,0.9698809537019106
A:650,-8.67981e-06,0.8267032464563329,0.9698809537019106
A:651,-2.4925054444444446e-05,0.8267032464563329,0.9698809537019106
A:652,-9.465466666666666e-06,0.8267032464563329,0.9698809537019106
A:653,-3.0277452222222222e-05,0.826703246456333,0.9698809537019106
A:654,-4.0747962222222224e-05,0.8267032464563329,0.9698809537019106
A:655,-1.0712283333333334e-05,0.8267032464563329,0.9698809537019106
A:656,-1.902181777777778e-05,0.8267032464563329,0.9698809537019106
A:657,-1.3261035555555555e-05,0.8267032464563329,0.9698809537019106
A:658,-1.972799222222222e-05,0.826703246456333,0.9698809537019106
A:659,-2.0754711111111112e-05,0.8267032464563329,0.9698809537019106
A:660,-1.8654326666666666e-05,0.8267032464563329,0.9698809537019106
A:661,-9.941353333333334e-06,0.8267032464563329,0.9698809537019106
