residue,node,score
A:300,0,0.00015370916
A:301,1,0.00021852137
A:302,2,0.00018544358
A:303,3,0.00021374061
A:304,4,0.00020851527
A:305,5,0.000196459
A:306,6,0.00012227085
A:307,7,0.00040685435
A:308,8,0.00014020187
A:309,9,0.00013039453
A:310,10,0.00030308115
A:311,11,0.00014893714
A:312,12,0.00048645583
A:313,13,0.00013180694
A:314,14,0.00011380483
A:315,15,8.3741455e-05
A:316,16,0.00013243243
A:317,17,9.920276e-05
A:318,18,0.00018346569
A:319,19,0.0003689239
A:320,20,0.00032565463
A:321,21,0.00021421199
A:322,22,0.00011444091
A:323,23,0.00039670017
A:324,24,0.00028366578
A:325,25,0.00096590363
A:326,26,0.00037954567
A:327,27,0.00022830121
A:328,28,0.00018490148
A:329,29,0.00038765252
A:330,30,0.00014948635
A:331,31,0.00018397247
A:332,32,0.00015243437
A:333,33,0.00063783646
A:334,34,6.9889764e-05
A:338,35,0.00019287199
A:339,36,9.155517e-05
A:340,37,8.866241e-05
A:341,38,0.00014441997
A:342,39,0.00071719603
A:343,40,0.00013187712
A:344,41,0.0003322445
A:345,42,0.0004115167
A:346,43,0.00023248416
A:347,44,0.00023259266
A:348,45,0.00026029785
A:349,46,0.00039453947
A:350,47,0.00016431877
A:351,48,0.000357369
A:352,49,0.00020351025
A:353,50,0.00018110925
A:354,51,0.00052601926
A:355,52,0.00015905488
A:356,53,0.00017986851
A:357,54,0.00016144768
A:358,55,0.00045920798
A:359,56,0.00043452944
A:360,57,0.00032623278
A:361,58,0.00012162185
A:362,59,0.00013212975
A:363,60,0.00015477842
A:364,61,0.00021347622
A:365,62,0.00030579825
A:366,63,0.00038246554
A:367,64,0.0003565785
A:368,65,0.00032317793
A:369,66,0.00029599326
A:370,67,0.00017591867
A:371,68,0.00012884819
A:372,69,0.00010896937
A:373,70,0.00013566202
A:374,71,0.00020254283
A:375,72,0.00037137215
A:376,73,0.00017885012
A:377,74,0.00019640042
A:378,75,0.00011990214
A:379,76,0.00023812606
A:380,77,0.00021343208
A:381,78,0.00023940182
A:382,79,0.00052363006
A:383,80,0.0002360536
A:384,81,0.0013034173
A:385,82,0.00014569808
A:386,83,9.3509414e-05
A:387,84,0.00014074643
A:388,85,0.00014997281
A:389,86,9.753094e-05
A:390,87,0.0001459782
A:391,88,0.0001559326
A:392,89,0.0003557906
A:393,90,0.00035366806
A:394,91,0.00011102442
A:395,92,0.00036307005
A:396,93,0.00013452365
A:397,94,0.00026387506
A:398,95,0.00014652807
A:399,96,0.00029830172
A:400,97,0.00035054213
A:401,98,0.00019646746
A:402,99,0.0002277953
A:403,100,0.00015237585
A:404,101,0.00067120366
A:405,102,0.000106540894
A:406,103,0.00029557268
A:407,104,0.00012651405
A:408,105,0.00017543037
A:409,106,0.00024595574
A:410,107,0.00022241383
A:411,108,0.0004200365
A:412,109,8.439396e-05
A:413,110,0.0011532643
A:414,111,0.00018597115
A:415,112,0.00011821409
A:416,113,0.00031327308
A:417,114,0.00031492644
A:418,115,0.00027022767
A:419,116,0.00015306688
A:420,117,0.00030423887
A:421,118,0.00022321433
A:422,119,0.00016620362
A:423,120,0.00020975366
A:424,121,0.00046782562
A:425,122,0.00028738804
A:426,123,0.000115208764
A:427,124,0.00020838657
A:428,125,0.00020726086
A:429,126,0.0001993982
A:430,127,0.00019393984
A:431,128,0.00033564115
A:432,129,0.00029016513
A:433,130,0.00014291225
A:434,131,0.00029797203
A:435,132,0.00054497184
A:436,133,0.0003333614
A:437,134,0.0003263799
A:438,135,0.00014456002
A:439,136,0.0004946117
A:440,137,0.0001992642
A:441,138,0.00022567269
A:442,139,0.0001024052
A:443,140,0.0004221453
A:444,141,0.00013795016
A:445,142,0.00012342577
A:446,143,0.00026202976
A:447,144,0.00046696904
A:448,145,0.0010035201
A:449,146,0.00018256402
A:450,147,0.00029260485
A:451,148,0.00020824137
A:452,149,0.0001417073
A:453,150,0.00069229223
A:454,151,0.00020515513
A:455,152,0.00017260984
A:456,153,0.00030292387
A:457,154,0.0007225061
A:458,155,0.00020820039
A:459,156,0.00023543337
A:460,157,7.946174e-05
A:461,158,0.0003466254
A:462,159,0.00039042832
A:463,160,0.00016049037
A:464,161,0.00023228774
A:465,162,0.00025963422
A:466,163,0.0002821406
A:467,164,0.0012059524
A:468,165,0.00012308428
A:469,166,0.00012084376
A:470,167,0.00027630595
A:471,168,0.00026765262
A:472,169,0.00024298814
A:473,170,0.0002804189
A:474,171,0.000528369
A:475,172,0.00024417412
A:476,173,0.0003321658
A:477,174,0.00022586335
A:478,175,0.00015050726
A:479,176,0.00029356132
A:480,177,0.00029575062
A:481,178,0.00028519018
A:482,179,0.00049172336
A:483,180,0.00022506318
A:484,181,0.0006183677
A:485,182,0.00017175675
A:486,183,0.00019073879
A:487,184,0.00011084639
A:488,185,0.00029754927
A:489,186,0.0005159699
A:490,187,0.0001452264
A:491,188,0.0002094239
A:492,189,0.0004327106
A:493,190,0.00012146134
A:494,191,0.00035172317
A:495,192,0.00035633944
A:496,193,0.00074895355
A:497,194,0.00016504544
A:498,195,0.00014463053
A:499,196,0.0001439768
A:500,197,0.00014326687
A:501,198,9.7768265e-05
A:502,199,0.00043277547
A:503,200,0.00019629713
A:504,201,0.00016883234
A:505,202,0.0002864894
A:506,203,0.00031709322
A:507,204,0.00051748776
A:508,205,0.0003679014
A:509,206,0.00043284014
A:510,207,0.00022303514
A:511,208,0.00023279461
A:512,209,0.00028649712
A:513,210,0.00037857864
A:514,211,0.00027547544
A:515,212,0.00023154376
A:516,213,0.00059698796
A:517,214,0.00019353585
A:518,215,0.00039826578
A:519,216,0.00038809958
A:520,217,0.00028612727
A:521,218,0.00032896714
A:522,219,0.00014912245
A:523,220,0.00016157025
A:524,221,0.00023303655
A:525,222,9.788766e-05
A:526,223,0.000312558
A:527,224,0.00022336471
A:528,225,0.00029737107
A:529,226,0.00017227713
A:530,227,0.00054261787
A:531,228,0.00034200988
A:532,229,0.00024290197
A:533,230,0.0002774805
A:534,231,0.00025844356
A:535,232,0.00023843316
A:536,233,0.00023441363
A:537,234,0.00021873787
A:538,235,0.0002642782
