residue,score
A:339,1.0
A:340,1.0
A:341,1.0
A:342,1.0
A:343,1.0
A:344,1.0
A:345,1.0
A:346,1.0
A:347,1.0
A:348,1.0
A:349,1.0
A:350,1.0
A:351,1.0
A:352,1.0
A:353,1.0
A:356,1.0
A:381,1.0
A:382,1.0
A:383,1.0
A:384,1.0
A:385,1.0
A:386,1.0
A:387,1.0
A:388,1.0
A:389,1.0
A:390,1.0
A:391,1.0
A:392,1.0
A:393,1.0
A:394,1.0
A:402,1.0
A:403,1.0
A:404,1.0
A:405,1.0
A:406,1.0
A:407,1.0
A:409,1.0
A:410,1.0
A:411,1.0
A:412,1.0
A:413,1.0
A:414,1.0
A:415,1.0
A:416,1.0
A:417,1.0
A:418,1.0
A:419,1.0
A:420,1.0
A:421,1.0
A:422,1.0
A:423,1.0
A:424,1.0
A:425,1.0
A:426,1.0
A:427,1.0
A:428,1.0
A:429,1.0
A:430,1.0
A:431,1.0
A:432,1.0
A:433,1.0
A:434,1.0
A:435,1.0
A:506,1.0
A:507,1.0
A:508,1.0
A:509,1.0
A:510,1.0
A:511,1.0
A:512,1.0
A:513,1.0
A:514,1.0
A:515,1.0
A:516,1.0
A:517,1.0
A:518,1.0
A:519,1.0
A:520,1.0
A:521,1.0
A:523,1.0
A:525,1.0
A:526,1.0
A:527,1.0
A:530,1.0
A:531,1.0
A:532,1.0
A:533,1.0
A:535,1.0
A:536,1.0
