u,v
A:350,A:353
A:441,A:495
A:499,A:501
A:481,A:485
A:472,A:473
A:448,A:452
A:332,A:333
A:327,A:328
A:347,A:351
A:459,A:471
A:406,A:407
A:352,A:386
A:532,A:535
A:383,A:510
A:343,A:344
A:348,A:407
A:371,A:372
A:497,A:500
A:479,A:480
A:514,A:515
A:371,A:373
A:487,A:488
A:513,A:515
A:312,A:313
A:333,A:338
A:424,A:516
A:415,A:416
A:413,A:415
A:385,A:386
A:464,A:465
A:319,A:320
A:519,A:521
A:454,A:474
A:377,A:380
A:315,A:316
A:387,A:388
A:311,A:359
A:493,A:495
A:371,A:374
A:377,A:461
A:520,A:522
A:389,A:393
A:302,A:306
A:466,A:467
A:399,A:400
A:345,A:348
A:535,A:536
A:391,A:393
A:393,A:394
A:449,A:453
A:328,A:329
A:385,A:388
A:366,A:367
A:372,A:373
A:421,A:425
A:319,A:322
A:508,A:509
A:358,A:360
A:537,A:538
A:466,A:468
A:451,A:454
A:377,A:381
A:439,A:440
A:441,A:442
A:367,A:368
A:495,A:497
A:420,A:425
A:429,A:432
A:406,A:408
A:409,A:410
A:304,A:476
A:394,A:403
A:374,A:375
A:357,A:360
A:432,A:435
A:402,A:404
A:408,A:409
A:447,A:448
A:380,A:381
A:482,A:496
A:391,A:394
A:518,A:522
A:418,A:419
A:454,A:455
A:457,A:470
A:353,A:354
A:481,A:483
A:424,A:428
A:412,A:413
A:494,A:498
A:417,A:418
A:373,A:465
A:390,A:394
A:342,A:520
A:382,A:383
A:365,A:368
A:311,A:364
A:426,A:427
A:497,A:498
A:356,A:357
A:445,A:448
A:427,A:512
A:354,A:356
A:463,A:464
A:489,A:490
A:381,A:456
A:323,A:324
A:395,A:396
A:363,A:364
A:462,A:463
A:515,A:518
A:436,A:437
A:504,A:505
A:469,A:470
A:325,A:326
A:450,A:477
A:352,A:355
A:340,A:341
A:387,A:390
A:357,A:359
A:526,A:533
A:483,A:486
A:396,A:397
A:511,A:512
A:322,A:352
A:382,A:535
A:530,A:533
A:405,A:406
A:443,A:444
A:445,A:449
A:426,A:430
A:393,A:406
A:304,A:305
A:342,A:343
A:432,A:436
A:348,A:349
A:370,A:371
A:478,A:479
A:353,A:357
A:349,A:350
A:524,A:525
A:469,A:472
A:311,A:312
A:421,A:422
A:359,A:452
A:387,A:391
A:379,A:380
A:325,A:351
A:503,A:507
A:384,A:385
A:412,A:414
A:526,A:527
A:431,A:432
A:492,A:493
A:525,A:526
A:376,A:379
A:457,A:458
A:459,A:460
A:510,A:514
A:492,A:494
A:317,A:319
A:358,A:359
A:486,A:489
A:534,A:535
A:360,A:366
A:532,A:534
A:430,A:431
A:464,A:466
A:397,A:398
A:506,A:507
A:430,A:509
A:412,A:415
A:400,A:401
A:382,A:385
A:363,A:453
A:507,A:508
A:518,A:521
A:440,A:441
A:437,A:502
A:381,A:385
A:317,A:320
A:373,A:374
A:405,A:407
A:376,A:462
A:344,A:345
A:533,A:536
A:480,A:481
A:509,A:511
A:481,A:482
A:515,A:516
A:444,A:446
A:404,A:410
A:501,A:504
A:346,A:347
A:352,A:353
A:479,A:482
A:416,A:417
A:345,A:347
A:403,A:411
A:386,A:387
A:373,A:376
A:452,A:454
A:494,A:495
A:507,A:511
A:444,A:489
A:394,A:395
A:322,A:323
A:324,A:325
A:343,A:347
A:346,A:349
A:523,A:525
A:377,A:457
A:479,A:483
A:312,A:449
A:369,A:374
A:503,A:504
A:435,A:436
A:386,A:389
A:423,A:426
A:502,A:503
A:301,A:302
A:320,A:323
A:392,A:448
A:431,A:434
A:434,A:436
A:361,A:363
A:475,A:476
A:473,A:475
A:330,A:332
A:442,A:443
A:341,A:342
A:375,A:376
A:425,A:429
A:322,A:325
A:502,A:504
A:401,A:413
A:451,A:455
A:430,A:512
A:483,A:484
A:380,A:507
A:448,A:449
A:503,A:506
A:490,A:491
A:523,A:524
A:392,A:395
A:342,A:516
A:476,A:478
A:310,A:311
A:511,A:514
A:518,A:519
A:393,A:397
A:422,A:423
A:391,A:392
A:427,A:428
A:390,A:391
A:316,A:318
A:331,A:332
A:471,A:472
A:497,A:499
A:438,A:443
A:319,A:407
A:354,A:357
A:500,A:501
A:437,A:438
A:470,A:471
A:322,A:351
A:468,A:470
A:364,A:365
A:353,A:386
A:375,A:379
A:444,A:445
A:316,A:319
A:388,A:391
A:516,A:520
A:414,A:415
A:451,A:452
A:479,A:481
A:356,A:386
A:485,A:486
A:342,A:525
A:366,A:378
A:498,A:502
A:423,A:424
A:351,A:352
A:530,A:534
A:404,A:408
A:344,A:346
A:312,A:448
A:515,A:517
A:493,A:494
A:414,A:417
A:495,A:496
A:506,A:510
A:424,A:426
A:432,A:433
A:326,A:327
A:321,A:323
A:351,A:354
A:401,A:402
A:413,A:417
A:378,A:382
A:300,A:301
A:338,A:339
A:433,A:435
A:509,A:510
A:398,A:410
A:373,A:464
A:429,A:433
A:304,A:477
A:536,A:538
A:446,A:447
A:394,A:404
A:307,A:308
A:326,A:329
A:321,A:325
A:516,A:517
A:381,A:382
A:366,A:374
A:522,A:523
A:447,A:499
A:388,A:389
A:308,A:310
A:394,A:435
A:471,A:475
A:378,A:381
A:461,A:462
A:306,A:309
A:316,A:317
A:531,A:532
A:374,A:377
A:480,A:484
A:448,A:450
A:305,A:308
A:490,A:492
A:348,A:351
A:454,A:457
A:530,A:532
A:314,A:317
A:322,A:324
A:404,A:405
A:306,A:310
A:489,A:492
A:352,A:356
A:453,A:457
A:512,A:513
A:476,A:477
A:303,A:304
A:513,A:514
A:520,A:525
A:441,A:443
A:323,A:327
A:395,A:439
A:484,A:485
A:486,A:487
A:350,A:351
A:502,A:506
A:325,A:328
A:350,A:531
A:453,A:477
A:421,A:423
A:512,A:515
A:477,A:481
A:483,A:485
A:485,A:487
A:423,A:516
A:435,A:439
A:429,A:430
A:511,A:515
A:339,A:343
A:528,A:529
A:430,A:432
A:483,A:487
A:430,A:433
A:501,A:502
A:325,A:327
A:302,A:484
A:498,A:501
A:318,A:321
A:428,A:431
A:358,A:361
A:452,A:453
A:505,A:508
A:507,A:510
A:532,A:536
A:459,A:467
A:343,A:346
A:308,A:309
A:438,A:441
A:321,A:322
A:367,A:374
A:460,A:461
A:423,A:425
A:442,A:495
A:326,A:330
A:431,A:433
A:467,A:468
A:444,A:447
A:425,A:427
A:329,A:330
A:401,A:412
A:424,A:427
A:443,A:448
A:501,A:503
A:384,A:455
A:450,A:454
A:435,A:437
A:353,A:382
A:368,A:369
A:474,A:475
A:339,A:340
A:443,A:447
A:434,A:437
A:452,A:456
A:510,A:512
A:373,A:375
A:314,A:318
A:410,A:411
A:347,A:348
A:300,A:488
A:392,A:396
A:312,A:452
A:474,A:477
A:389,A:390
A:449,A:451
A:500,A:504
A:309,A:311
A:510,A:513
A:416,A:419
A:366,A:369
A:317,A:318
A:499,A:500
A:392,A:444
A:302,A:483
A:490,A:493
A:392,A:445
A:498,A:500
A:505,A:506
A:389,A:392
A:353,A:531
A:484,A:488
A:428,A:432
A:437,A:439
A:519,A:520
A:343,A:345
A:390,A:393
A:313,A:314
A:520,A:521
A:302,A:305
A:370,A:373
A:533,A:534
A:350,A:352
A:449,A:452
A:319,A:321
A:359,A:360
A:303,A:307
A:365,A:366
A:438,A:502
A:420,A:424
A:349,A:353
A:429,A:431
A:520,A:523
A:399,A:410
A:510,A:511
A:422,A:426
A:494,A:497
A:464,A:467
A:517,A:518
A:329,A:331
A:439,A:442
A:368,A:469
A:357,A:361
A:399,A:402
A:488,A:489
A:445,A:447
A:500,A:503
A:533,A:537
A:395,A:435
A:355,A:356
A:314,A:316
A:357,A:358
A:433,A:434
A:453,A:456
A:361,A:362
A:389,A:391
A:518,A:520
A:323,A:325
A:330,A:331
A:469,A:471
A:377,A:378
A:454,A:477
A:435,A:438
A:449,A:450
A:376,A:377
A:497,A:501
A:302,A:304
A:411,A:413
A:387,A:510
A:363,A:366
A:383,A:384
A:348,A:350
A:365,A:457
A:456,A:457
A:469,A:473
A:527,A:528
A:303,A:306
A:310,A:312
A:384,A:386
A:456,A:458
A:339,A:344
A:426,A:429
A:533,A:535
A:356,A:359
A:482,A:486
A:517,A:521
A:400,A:402
A:382,A:386
A:370,A:372
A:407,A:409
A:441,A:498
A:376,A:463
A:447,A:495
A:478,A:482
A:521,A:522
A:346,A:348
A:458,A:460
A:485,A:496
A:392,A:393
A:450,A:453
A:342,A:526
A:386,A:388
A:393,A:404
A:320,A:322
A:304,A:308
A:342,A:346
A:473,A:474
A:452,A:455
A:366,A:456
A:341,A:419
A:521,A:524
A:403,A:404
A:458,A:461
A:302,A:303
A:390,A:403
A:503,A:505
A:423,A:427
A:482,A:483
A:393,A:396
A:350,A:530
A:502,A:505
A:454,A:500
A:391,A:435
A:467,A:470
A:481,A:500
A:388,A:506
A:377,A:456
A:508,A:512
A:473,A:477
A:428,A:429
A:413,A:428
A:347,A:350
A:446,A:449
A:403,A:413
A:370,A:465
A:369,A:370
A:455,A:458
A:323,A:407
A:499,A:502
A:413,A:414
A:442,A:444
A:518,A:536
A:377,A:379
A:394,A:398
A:514,A:516
A:487,A:489
A:399,A:439
A:465,A:466
A:360,A:361
A:385,A:387
A:363,A:367
A:494,A:496
A:412,A:416
A:414,A:418
A:536,A:537
A:326,A:328
A:402,A:403
A:465,A:467
A:445,A:446
A:382,A:514
A:374,A:376
A:516,A:518
A:364,A:367
A:532,A:533
A:402,A:411
A:496,A:497
A:498,A:499
A:529,A:531
A:319,A:406
A:305,A:309
A:446,A:450
A:427,A:513
A:363,A:365
A:477,A:478
A:380,A:384
A:512,A:514
A:477,A:479
A:352,A:406
A:318,A:320
A:319,A:408
A:361,A:367
A:346,A:517
A:384,A:510
A:442,A:489
A:365,A:367
A:531,A:535
A:345,A:346
A:438,A:440
A:425,A:426
A:424,A:425
A:417,A:419
A:529,A:530
A:369,A:373
A:434,A:435
A:486,A:490
A:411,A:412
A:440,A:442
A:474,A:476
A:403,A:410
A:309,A:310
A:419,A:420
A:375,A:377
A:341,A:343
A:420,A:421
A:347,A:349
A:472,A:476
A:318,A:319
A:468,A:469
A:398,A:399
A:416,A:420
A:381,A:384
A:365,A:473
A:301,A:446
A:354,A:358
A:531,A:534
A:496,A:500
A:308,A:453
A:414,A:416
A:405,A:409
A:388,A:452
A:489,A:495
A:344,A:347
A:413,A:416
A:422,A:425
A:359,A:361
A:392,A:394
A:399,A:401
A:351,A:355
A:314,A:315
A:518,A:537
A:466,A:469
A:382,A:532
A:446,A:484
A:380,A:382
A:327,A:330
A:436,A:440
A:318,A:355
A:311,A:363
A:354,A:355
A:381,A:455
A:530,A:531
A:517,A:519
A:353,A:355
A:344,A:348
A:460,A:462
A:323,A:326
A:340,A:342
A:450,A:451
A:517,A:532
A:312,A:359
A:356,A:358
A:398,A:439
A:504,A:508
A:485,A:488
A:517,A:520
A:376,A:380
A:438,A:439
A:492,A:495
A:378,A:379
A:301,A:306
A:477,A:480
A:450,A:452
A:534,A:537
A:320,A:321
A:309,A:449
A:304,A:307
A:325,A:329
A:372,A:375
A:481,A:484
A:521,A:523
A:371,A:375
A:461,A:467
A:454,A:503
A:379,A:382
A:485,A:489
A:383,A:387
A:439,A:441
A:508,A:511
A:511,A:513
A:431,A:435
A:473,A:476
A:359,A:363
A:326,A:348
A:373,A:466
A:454,A:456
A:380,A:458
A:444,A:484
A:392,A:443
A:382,A:384
A:362,A:363
A:443,A:451
A:474,A:478
A:402,A:413
A:316,A:320
A:387,A:509
A:315,A:319
A:313,A:318
A:378,A:380
A:491,A:493
A:349,A:352
A:407,A:408
A:519,A:522
A:534,A:536
A:321,A:324
A:305,A:306
A:356,A:360
A:366,A:368
A:338,A:340
A:446,A:448
A:307,A:309
A:481,A:496
A:343,A:527
A:453,A:455
A:514,A:517
A:388,A:390
A:521,A:533
A:360,A:362
A:442,A:492
A:378,A:535
A:385,A:389
A:496,A:499
A:447,A:484
A:366,A:377
A:301,A:303
A:384,A:507
A:504,A:507
A:340,A:343
A:405,A:408
A:378,A:385
A:431,A:509
A:482,A:485
A:341,A:345
A:457,A:473
A:436,A:438
A:356,A:385
A:349,A:532
A:380,A:461
A:506,A:508
A:394,A:439
A:453,A:454
A:517,A:536
A:376,A:464
A:387,A:389
A:391,A:434
A:385,A:455
A:393,A:395
A:504,A:506
A:468,A:471
A:451,A:499
A:434,A:438
A:305,A:480
A:341,A:344
A:375,A:378
A:362,A:364
A:312,A:445
A:346,A:350
A:531,A:533
A:360,A:363
A:366,A:457
A:304,A:365
A:470,A:474
A:476,A:479
A:311,A:313
A:451,A:453
A:313,A:315
A:330,A:338
A:513,A:517
A:347,A:527
A:333,A:334
A:327,A:329
A:318,A:322
A:333,A:339
A:358,A:362
A:488,A:490
A:432,A:434
A:353,A:356
A:462,A:464
A:520,A:526
A:383,A:385
A:484,A:487
A:397,A:399
A:346,A:530
A:384,A:387
A:364,A:366
A:411,A:415
A:372,A:374
A:301,A:484
A:351,A:353
A:447,A:489
A:384,A:388
A:328,A:330
A:367,A:369
A:455,A:456
A:369,A:457
A:522,A:524
A:484,A:486
A:444,A:448
A:390,A:392
A:372,A:376
A:458,A:470
A:495,A:498
A:303,A:305
A:342,A:345
A:421,A:424
A:350,A:532
A:353,A:532
A:519,A:523
A:306,A:307
A:305,A:307
A:397,A:410
A:514,A:518
A:307,A:310
A:355,A:358
A:403,A:405
A:309,A:445
A:418,A:420
A:475,A:478
A:428,A:430
A:527,A:529
A:404,A:409
A:326,A:347
A:304,A:306
A:308,A:449
A:379,A:381
A:478,A:496
A:384,A:506
A:305,A:450
A:447,A:449
A:416,A:418
A:402,A:412
A:373,A:377
A:377,A:458
A:470,A:472
A:506,A:509
A:491,A:492
A:340,A:344
A:505,A:509
A:312,A:314
A:476,A:480
A:309,A:312
A:527,A:530
A:442,A:447
A:391,A:395
A:378,A:456
A:489,A:491
A:383,A:514
A:516,A:519
A:345,A:405
A:388,A:451
A:329,A:332
A:376,A:378
A:467,A:471
A:529,A:534
A:308,A:311
A:383,A:386
A:365,A:476
A:437,A:505
A:485,A:490
A:320,A:324
A:328,A:331
A:410,A:412
A:466,A:470
A:393,A:405
A:348,A:406
A:470,A:473
A:322,A:407
A:361,A:366
A:411,A:416
A:409,A:411
A:459,A:474
A:438,A:442
A:308,A:364
A:415,A:418
A:365,A:369
A:309,A:446
A:486,A:488
A:475,A:479
A:517,A:533
A:526,A:528
A:478,A:480
A:436,A:439
A:388,A:448
A:403,A:409
A:514,A:536
A:425,A:428
A:467,A:469
A:346,A:527
A:402,A:410
A:461,A:464
A:458,A:459
A:471,A:474
A:408,A:410
A:306,A:308
A:480,A:483
A:387,A:506
A:355,A:357
A:461,A:463
A:443,A:499
A:512,A:516
A:396,A:398
A:385,A:452
A:507,A:509
A:480,A:482
A:437,A:441
A:300,A:302
A:307,A:364
A:394,A:397
A:382,A:536
A:422,A:424
A:508,A:510
A:434,A:505
A:398,A:402
A:315,A:397
A:345,A:349
A:521,A:526
A:394,A:399
A:360,A:378
A:427,A:516
A:464,A:470
A:434,A:509
A:359,A:385
A:478,A:481
A:322,A:326
A:300,A:484
A:457,A:474
A:495,A:499
A:381,A:383
A:315,A:317
A:305,A:446
A:427,A:431
A:447,A:481
A:308,A:477
A:352,A:354
A:426,A:428
A:397,A:404
A:454,A:478
A:322,A:348
A:354,A:531
A:355,A:359
A:427,A:430
A:342,A:344
A:359,A:362
A:489,A:493
A:324,A:328
A:513,A:516
A:301,A:305
A:471,A:473
A:500,A:502
A:350,A:354
A:526,A:530
A:315,A:318
A:520,A:524
A:427,A:429
A:447,A:451
A:437,A:440
A:535,A:537
A:319,A:323
A:430,A:434
A:521,A:537
A:395,A:438
A:394,A:396
A:515,A:519
A:404,A:406
A:433,A:437
A:349,A:351
A:448,A:451
A:326,A:407
A:364,A:453
A:308,A:312
A:427,A:509
A:403,A:416
A:472,A:475
A:447,A:450
A:393,A:398
A:329,A:333
A:332,A:334
A:391,A:431
A:487,A:490
A:339,A:347
A:455,A:457
A:356,A:389
A:374,A:378
A:379,A:538
A:441,A:502
A:394,A:402
A:413,A:425
A:368,A:370
A:420,A:422
A:509,A:512
A:379,A:535
A:505,A:507
A:333,A:347
A:398,A:404
A:395,A:397
A:459,A:462
A:324,A:327
A:369,A:371
A:342,A:517
A:334,A:338
A:359,A:456
A:325,A:347
A:329,A:347
A:482,A:484
A:535,A:538
A:450,A:481
A:457,A:459
A:302,A:480
A:434,A:502
A:525,A:527
A:317,A:321
A:415,A:417
A:528,A:530
A:330,A:339
A:433,A:436
A:319,A:404
A:369,A:377
A:417,A:420
A:391,A:438
A:322,A:406
A:370,A:374
A:360,A:456
A:405,A:411
A:386,A:390
A:475,A:477
A:473,A:478
A:484,A:489
A:362,A:367
A:387,A:513
A:304,A:480
A:377,A:464
A:454,A:458
A:359,A:453
A:348,A:352
A:472,A:474
A:501,A:505
A:308,A:365
A:459,A:461
A:348,A:405
A:388,A:392
A:499,A:503
A:305,A:484
A:451,A:503
A:496,A:498
A:524,A:526
A:388,A:455
A:509,A:513
A:471,A:476
A:415,A:419
A:459,A:470
A:323,A:409
A:346,A:526
A:463,A:465
A:307,A:311
A:369,A:466
A:453,A:473
A:468,A:472
A:454,A:481
A:455,A:503
A:313,A:359
A:376,A:461
A:326,A:344
A:324,A:326
A:353,A:535
A:420,A:428
A:419,A:421
A:330,A:333
A:395,A:443
A:331,A:333
A:517,A:526
A:485,A:495
A:485,A:499
A:451,A:481
A:360,A:367
A:305,A:449
A:441,A:499
A:481,A:499
A:365,A:469
A:434,A:506
A:493,A:496
A:416,A:428
